origin,point,date,weekday,trips_day,lines_missing_vs_ref,ref_trips_on_missing_lines,share_ref_trips_missing,window,tag,t_tc_median_min,n_unreachable,v_eff_popweighted_median_kmh,spearman_dist_time,median_transfers,share_2plus_transfers,ratio_tc_car_median,dead_zones,delta_median_min,delta_p90_abs_min,spearman_vs_reference
garches,gare,2026-10-13,Tuesday,138342,0,0,0.000,07:30–09:00,reference,75.000,34,16.092,0.752,2.000,0.874,2.504,0,,,
garches,centre,2026-10-13,Tuesday,138342,0,0,0.000,07:30–09:00,reference,84.000,34,13.783,0.771,2.000,0.869,2.683,2,,,
garches,gare,2026-11-03,Tuesday,134132,149,4350,0.031,07:30–09:00,autre_mardi,73.000,52,16.065,0.754,2.000,0.860,2.453,0,0.000,0.000,0.998
garches,centre,2026-11-03,Tuesday,134132,149,4350,0.031,07:30–09:00,autre_mardi,82.000,52,13.783,0.772,2.000,0.860,2.649,2,0.000,0.000,0.998
garches,gare,2026-10-11,Sunday,67271,936,23739,0.172,07:30–09:00,dimanche,87.000,68,12.905,0.683,2.000,0.741,2.949,5,13.000,36.000,0.912
garches,centre,2026-10-11,Sunday,67271,936,23739,0.172,07:30–09:00,dimanche,93.000,69,11.847,0.708,2.000,0.799,2.996,8,11.000,28.000,0.929
garches,gare,2026-10-15,Thursday,138184,3,112,0.001,07:30–09:00,jeudi,75.000,34,16.092,0.752,2.000,0.874,2.504,0,0.000,0.000,1.000
garches,centre,2026-10-15,Thursday,138184,3,112,0.001,07:30–09:00,jeudi,84.000,34,13.783,0.771,2.000,0.869,2.683,2,0.000,0.000,1.000
garches,gare,2026-10-10,Saturday,95772,590,9346,0.068,07:30–09:00,samedi,81.500,35,14.691,0.738,2.000,0.812,2.703,0,5.000,20.000,0.960
garches,centre,2026-10-10,Saturday,95772,590,9346,0.068,07:30–09:00,samedi,89.000,39,12.682,0.767,2.000,0.812,2.855,4,5.000,16.800,0.960
garches,gare,2026-10-20,Tuesday,127390,486,6451,0.047,07:30–09:00,vacances,74.000,52,15.849,0.761,2.000,0.871,2.462,0,0.000,4.000,0.996
garches,centre,2026-10-20,Tuesday,127390,486,6451,0.047,07:30–09:00,vacances,83.000,52,13.687,0.781,2.000,0.876,2.661,2,0.000,3.000,0.997
kronberg,gare,2026-10-20,Tuesday,46513,0,0,0.000,07:30–09:00,reference,72.500,0,15.987,0.813,1.000,0.458,2.899,2,,,
kronberg,centre,2026-10-20,Tuesday,46513,0,0,0.000,07:30–09:00,reference,74.000,0,14.844,0.840,1.000,0.432,3.152,3,,,
kronberg,gare,2026-10-27,Tuesday,46358,6,70,0.002,07:30–09:00,autre_mardi,74.000,0,15.922,0.820,1.000,0.441,2.915,2,0.000,0.000,0.994
kronberg,centre,2026-10-27,Tuesday,46358,6,70,0.002,07:30–09:00,autre_mardi,74.000,0,14.722,0.844,1.000,0.424,3.161,3,0.000,0.000,0.995
kronberg,gare,2026-10-25,Sunday,21937,342,8746,0.188,07:30–09:00,dimanche,77.000,1,14.247,0.741,1.000,0.436,3.084,4,2.000,17.800,0.935
kronberg,centre,2026-10-25,Sunday,21937,342,8746,0.188,07:30–09:00,dimanche,83.000,1,13.250,0.745,1.000,0.427,3.336,7,3.000,19.000,0.919
kronberg,gare,2026-10-22,Thursday,46483,3,39,0.001,07:30–09:00,jeudi,72.500,0,15.987,0.813,1.000,0.458,2.899,2,0.000,0.000,1.000
kronberg,centre,2026-10-22,Thursday,46483,3,39,0.001,07:30–09:00,jeudi,74.000,0,14.844,0.840,1.000,0.432,3.152,3,0.000,0.000,1.000
kronberg,gare,2026-10-24,Saturday,30419,266,5383,0.116,07:30–09:00,samedi,75.000,0,14.505,0.821,1.000,0.432,2.973,2,0.000,8.300,0.982
kronberg,centre,2026-10-24,Saturday,30419,266,5383,0.116,07:30–09:00,samedi,77.000,0,13.446,0.847,1.000,0.415,3.263,4,1.000,7.300,0.984
kronberg,gare,2026-10-13,Tuesday,42903,120,1590,0.034,07:30–09:00,vacances,73.000,0,15.987,0.803,1.000,0.424,2.894,2,0.000,1.300,0.997
kronberg,centre,2026-10-13,Tuesday,42903,120,1590,0.034,07:30–09:00,vacances,73.000,1,14.844,0.823,1.000,0.393,3.137,3,0.000,2.000,0.997
bad_soden,gare,2026-10-20,Tuesday,45876,0,0,0.000,07:30–09:00,reference,72.000,0,14.382,0.899,1.000,0.467,3.106,2,,,
bad_soden,centre,2026-10-20,Tuesday,45876,0,0,0.000,07:30–09:00,reference,75.000,0,13.995,0.898,1.000,0.467,3.324,1,,,
bad_soden,gare,2026-10-27,Tuesday,45721,6,70,0.002,07:30–09:00,autre_mardi,69.500,0,15.096,0.901,1.000,0.492,3.086,1,0.000,7.300,0.980
bad_soden,centre,2026-10-27,Tuesday,45721,6,70,0.002,07:30–09:00,autre_mardi,72.500,0,14.398,0.902,1.000,0.492,3.279,1,0.000,7.300,0.979
bad_soden,gare,2026-10-25,Sunday,21811,332,8467,0.185,07:30–09:00,dimanche,79.000,1,12.556,0.754,1.000,0.378,3.315,8,4.000,26.800,0.895
bad_soden,centre,2026-10-25,Sunday,21811,332,8467,0.185,07:30–09:00,dimanche,82.000,1,12.140,0.758,1.000,0.378,3.499,7,4.000,28.000,0.899
bad_soden,gare,2026-10-22,Thursday,45846,3,39,0.001,07:30–09:00,jeudi,72.000,0,14.382,0.899,1.000,0.467,3.106,2,0.000,0.000,1.000
bad_soden,centre,2026-10-22,Thursday,45846,3,39,0.001,07:30–09:00,jeudi,75.000,0,13.995,0.898,1.000,0.467,3.324,1,0.000,0.000,1.000
bad_soden,gare,2026-10-24,Saturday,30180,263,5323,0.116,07:30–09:00,samedi,71.000,0,14.208,0.871,1.000,0.475,3.131,1,1.000,12.100,0.960
bad_soden,centre,2026-10-24,Saturday,30180,263,5323,0.116,07:30–09:00,samedi,74.000,0,13.648,0.873,1.000,0.483,3.316,1,1.000,13.000,0.960
bad_soden,gare,2026-10-13,Tuesday,42356,120,1584,0.035,07:30–09:00,vacances,69.500,0,15.096,0.897,1.000,0.483,3.080,1,0.000,12.100,0.979
bad_soden,centre,2026-10-13,Tuesday,42356,120,1584,0.035,07:30–09:00,vacances,72.500,0,14.429,0.896,1.000,0.483,3.251,1,0.000,13.000,0.978
