origin,point,window,tag,t_tc_median_min,n_unreachable,v_eff_popweighted_median_kmh,spearman_dist_time,median_transfers,share_2plus_transfers,ratio_tc_car_median,dead_zones,delta_median_min,delta_p90_abs_min,spearman_vs_reference
garches,gare,07:30–09:00,reference,75.000,34,16.092,0.752,2.000,0.874,2.504,0,,,
garches,centre,07:30–09:00,reference,84.000,34,13.783,0.771,2.000,0.869,2.683,2,,,
garches,gare,10:00–11:30,creuse,80.000,32,14.931,0.731,2.000,0.847,2.620,0,4.000,12.000,0.975
garches,centre,10:00–11:30,creuse,88.000,32,13.552,0.747,2.000,0.857,2.750,3,2.000,11.000,0.977
garches,gare,17:30–19:00,soir_pointe,74.000,22,16.008,0.745,2.000,0.858,2.440,1,-1.000,10.000,0.966
garches,centre,17:30–19:00,soir_pointe,83.000,23,14.061,0.766,2.000,0.858,2.624,3,-1.000,12.000,0.964
garches,gare,20:30–22:00,soiree,84.000,85,13.712,0.732,2.000,0.808,2.823,2,9.000,31.000,0.890
garches,centre,20:30–22:00,soiree,93.500,85,11.660,0.751,2.500,0.828,2.999,8,10.000,32.000,0.899
kronberg,gare,07:30–09:00,reference,72.500,0,15.987,0.813,1.000,0.458,2.899,2,,,
kronberg,centre,07:30–09:00,reference,74.000,0,14.844,0.840,1.000,0.432,3.152,3,,,
kronberg,gare,10:00–11:30,creuse,73.500,0,16.177,0.806,1.000,0.407,2.857,3,0.000,8.300,0.991
kronberg,centre,10:00–11:30,creuse,76.500,0,14.912,0.835,1.000,0.390,3.168,3,0.000,8.000,0.991
kronberg,gare,17:30–19:00,soir_pointe,72.500,0,15.442,0.818,1.000,0.432,2.793,2,0.000,6.000,0.992
kronberg,centre,17:30–19:00,soir_pointe,74.000,0,14.366,0.844,1.000,0.424,3.112,2,0.000,7.000,0.992
kronberg,gare,20:30–22:00,soiree,72.000,5,14.162,0.753,1.000,0.416,3.009,4,2.000,14.800,0.978
kronberg,centre,20:30–22:00,soiree,75.000,5,13.451,0.766,1.000,0.407,3.274,6,2.000,14.800,0.976
bad_soden,gare,07:30–09:00,reference,72.000,0,14.382,0.899,1.000,0.467,3.106,2,,,
bad_soden,centre,07:30–09:00,reference,75.000,0,13.995,0.898,1.000,0.467,3.324,1,,,
bad_soden,gare,10:00–11:30,creuse,72.000,0,14.472,0.894,1.000,0.467,3.098,2,0.000,7.000,0.991
bad_soden,centre,10:00–11:30,creuse,75.000,0,14.072,0.895,1.000,0.467,3.265,1,0.000,7.000,0.991
bad_soden,gare,17:30–19:00,soir_pointe,71.500,0,14.208,0.901,1.000,0.467,3.097,2,0.000,5.000,0.995
bad_soden,centre,17:30–19:00,soir_pointe,74.000,0,13.648,0.899,1.000,0.467,3.282,1,0.000,4.000,0.995
bad_soden,gare,20:30–22:00,soiree,74.000,4,12.806,0.842,1.000,0.379,3.344,4,4.000,23.500,0.959
bad_soden,centre,20:30–22:00,soiree,77.000,4,12.356,0.844,1.000,0.388,3.513,5,4.000,24.000,0.961
