feed,route_id,route_name,median_reference_trips,trips_on_day
de_gtfs,14739,2,196.0,0
de_gtfs,7355,6,174.0,0
de_gtfs,24668,OF-40,98.0,0
de_gtfs,22273,V32,97.0,0
de_gtfs,11554,7,89.0,0
de_gtfs,21421,56,85.0,0
de_gtfs,19223,V96,71.0,0
de_gtfs,13759,E,70.0,0
de_gtfs,7412,62,63.0,0
de_gtfs,20103,42S,63.0,0
de_gtfs,22382,OF-53,62.0,0
de_gtfs,17423,43,62.0,0
de_gtfs,10818,74,61.0,0
de_gtfs,19928,30,61.0,0
de_gtfs,4036,OF-67,58.0,0
de_gtfs,8930,G,58.0,0
de_gtfs,5923,201,58.0,0
de_gtfs,1257,30,56.0,0
de_gtfs,18267,41,55.0,0
de_gtfs,11607,31,54.0,0
de_gtfs,5485,17,50.0,0
de_gtfs,5896,59,49.0,0
de_gtfs,21748,FB-55,48.0,0
de_gtfs,23741,67,45.0,0
de_gtfs,2805,FB-42,43.0,0
de_gtfs,15272,FB-41,43.0,0
de_gtfs,8131,813,42.0,0
de_gtfs,12794,X71,41.0,0
de_gtfs,20303,566,41.0,0
de_gtfs,14814,V95,41.0,0
de_gtfs,7232,MX,40.0,0
de_gtfs,7420,DG,40.0,0
de_gtfs,22950,62,40.0,0
de_gtfs,21375,46,40.0,0
de_gtfs,4317,65,40.0,0
de_gtfs,23655,285,40.0,0
de_gtfs,6307,75,39.0,0
de_gtfs,706,49,39.0,0
de_gtfs,7216,243,38.0,0
de_gtfs,11851,44,37.0,0
de_gtfs,8844,10B,37.0,0
de_gtfs,8306,82,36.0,0
de_gtfs,15111,283,35.0,0
de_gtfs,19317,NHX,34.0,0
de_gtfs,15897,46,34.0,0
de_gtfs,8385,55,34.0,0
de_gtfs,1805,FB-57,33.0,0
de_gtfs,21512,41,33.0,0
de_gtfs,18840,FB-44,33.0,0
de_gtfs,23893,X14,33.0,0
de_gtfs,11474,272,32.0,0
de_gtfs,18459,FB-24,32.0,0
de_gtfs,15343,653,32.0,0
de_gtfs,3151,61,32.0,0
de_gtfs,24766,E,32.0,0
de_gtfs,12413,M3,32.0,0
de_gtfs,6963,FB-22,31.0,0
de_gtfs,11421,23,31.0,0
de_gtfs,17997,68,31.0,0
de_gtfs,18175,LM-50,31.0,0
de_gtfs,15994,FB-21,31.0,0
de_gtfs,6260,55,31.0,0
de_gtfs,7495,FB-43,30.0,0
de_gtfs,14826,FB-23,30.0,0
de_gtfs,6994,65,30.0,0
de_gtfs,2785,FB-20,30.0,0
de_gtfs,4392,58,30.0,0
de_gtfs,14391,45,29.0,0
de_gtfs,10050,208,29.0,0
de_gtfs,13799,51,29.0,0
de_gtfs,1934,LM-44,29.0,0
de_gtfs,2055,FB-54,29.0,0
de_gtfs,13961,MD,29.0,0
de_gtfs,9771,73,28.0,0
de_gtfs,10065,61,28.0,0
de_gtfs,10527,GB,28.0,0
de_gtfs,10449,FB-81,28.0,0
de_gtfs,7652,72,28.0,0
de_gtfs,9478,819,28.0,0
de_gtfs,8470,24,27.0,0
de_gtfs,16731,LM-32,27.0,0
de_gtfs,16409,247,26.0,0
de_gtfs,23135,LM-57,26.0,0
de_gtfs,8535,LM-31,25.0,0
de_gtfs,8006,406,25.0,0
de_gtfs,22516,277,25.0,0
de_gtfs,19610,74,25.0,0
de_gtfs,5074,207,25.0,0
de_gtfs,2180,205,25.0,0
de_gtfs,2944,47,24.0,0
de_gtfs,444,42,24.0,0
de_gtfs,820,X79,23.0,0
de_gtfs,4251,248,23.0,0
de_gtfs,15822,43,23.0,0
de_gtfs,20820,212,23.0,0
de_gtfs,13521,OR1,22.0,0
de_gtfs,1581,221,22.0,0
de_gtfs,20776,63,22.0,0
de_gtfs,19522,OR2,22.0,0
de_gtfs,9590,586,21.0,0
de_gtfs,7596,20,20.0,0
de_gtfs,8509,V86,20.0,0
de_gtfs,13854,47,20.0,0
de_gtfs,23028,N8,20.0,0
de_gtfs,15988,50S,20.0,0
de_gtfs,2720,662,19.0,0
de_gtfs,5540,38S,19.0,0
de_gtfs,22722,FB-45,19.0,0
de_gtfs,9394,RE59,18.0,0
de_gtfs,1719,26,18.0,0
de_gtfs,16664,220,18.0,0
de_gtfs,11757,RE20,18.0,0
de_gtfs,21850,67,18.0,0
de_gtfs,5715,816,17.0,0
de_gtfs,5134,29 S,17.0,0
de_gtfs,24195,FB-10,17.0,0
de_gtfs,9469,V92,17.0,0
de_gtfs,14779,RE80,17.0,0
de_gtfs,13949,224,16.0,0
de_gtfs,12573,587,16.0,0
de_gtfs,1123,811,16.0,0
de_gtfs,3089,234,16.0,0
de_gtfs,5458,FB-82,16.0,0
de_gtfs,14139,222,16.0,0
de_gtfs,14255,170,16.0,0
de_gtfs,18540,LM-56,15.0,0
de_gtfs,16477,N16,15.0,0
de_gtfs,17617,83,14.0,0
de_gtfs,21858,ME,14.0,0
de_gtfs,17791,FB-76,14.0,0
de_gtfs,7393,64,13.0,0
de_gtfs,10228,667,13.0,0
de_gtfs,5774,79,13.0,0
de_gtfs,14951,55S,12.0,0
de_gtfs,14106,6 S,12.0,0
de_gtfs,20744,LM-54,12.0,0
de_gtfs,20258,204,12.0,0
de_gtfs,6195,175,12.0,0
de_gtfs,23519,53,12.0,0
de_gtfs,19439,233,12.0,0
de_gtfs,24372,48,11.0,0
de_gtfs,4619,56,11.0,0
de_gtfs,11272,52,11.0,0
de_gtfs,9815,815,11.0,0
de_gtfs,13991,177,10.0,0
de_gtfs,6928,817,10.0,0
de_gtfs,22064,171,10.0,0
de_gtfs,18285,56,10.0,0
de_gtfs,1322,22S,10.0,0
de_gtfs,20468,N11,10.0,0
de_gtfs,2642,E48,10.0,0
de_gtfs,6557,235,10.0,0
de_gtfs,6852,N5,10.0,0
de_gtfs,11010,N12,9.0,0
de_gtfs,11624,79,9.0,0
de_gtfs,6452,638,9.0,0
de_gtfs,15259,N4,9.0,0
de_gtfs,9901,202,9.0,0
de_gtfs,20459,39,8.0,0
de_gtfs,5413,24S,8.0,0
de_gtfs,17531,278,8.0,0
de_gtfs,10133,FB-36,8.0,0
de_gtfs,15061,N18,8.0,0
de_gtfs,16862,55,8.0,0
de_gtfs,1290,46S,8.0,0
de_gtfs,12982,81,7.0,0
de_gtfs,1688,51S,7.0,0
de_gtfs,8763,65S,7.0,0
de_gtfs,4069,38,6.0,0
de_gtfs,24321,68,6.0,0
de_gtfs,7616,87,6.0,0
de_gtfs,473,RE4,6.0,0
de_gtfs,17223,810A,6.0,0
de_gtfs,14892,173,6.0,0
de_gtfs,20013,N7,6.0,0
de_gtfs,2798,660S,5.0,0
de_gtfs,6733,203,5.0,0
de_gtfs,15234,LM-55,5.0,0
de_gtfs,24885,53S,5.0,0
de_gtfs,17248,63,5.0,0
de_gtfs,23620,31,5.0,0
de_gtfs,24650,218,5.0,0
de_gtfs,4501,211,5.0,0
de_gtfs,23196,19,5.0,0
de_gtfs,12577,23S,5.0,0
de_gtfs,873,182,4.0,0
de_gtfs,11079,806,4.0,0
de_gtfs,11333,FB-40,4.0,0
de_gtfs,4916,T24,4.0,0
de_gtfs,15662,75,4.0,0
de_gtfs,4509,V07,4.0,0
de_gtfs,14304,49,4.0,0
de_gtfs,3900,7,4.0,0
de_gtfs,20586,172,4.0,0
de_gtfs,24545,E46,4.0,0
de_gtfs,17914,807,4.0,0
de_gtfs,21325,RE2,4.0,0
de_gtfs,15200,E8,4.0,0
de_gtfs,5780,648,3.0,0
de_gtfs,1703,226,3.0,0
de_gtfs,21621,E27,3.0,0
de_gtfs,4200,RE14,3.0,0
de_gtfs,7024,26,3.0,0
de_gtfs,4221,808,3.0,0
de_gtfs,2892,627,3.0,0
de_gtfs,483,170,3.0,0
de_gtfs,12992,E15,3.0,0
de_gtfs,7752,203,3.0,0
de_gtfs,11416,32,3.0,0
de_gtfs,12428,44S,3.0,0
de_gtfs,7842,GA,3.0,0
de_gtfs,8630,25S,3.0,0
de_gtfs,10316,E47,3.0,0
de_gtfs,9297,E22,3.0,0
de_gtfs,16338,88S,3.0,0
de_gtfs,2963,E24,2.0,0
de_gtfs,5123,20N,2.0,0
de_gtfs,5317,RB48E,2.0,0
de_gtfs,12007,E14,2.0,0
de_gtfs,11064,V01,2.0,0
de_gtfs,7572,33,2.0,0
de_gtfs,10393,FB-64S,2.0,0
de_gtfs,17050,36,2.0,0
de_gtfs,17161,S4N,2.0,0
de_gtfs,18539,FB-60S,2.0,0
de_gtfs,21010,RB67,2.0,0
de_gtfs,19052,S3N,2.0,0
de_gtfs,20019,182,2.0,0
de_gtfs,1986,OF-75,2.0,0
de_gtfs,18762,E6,2.0,0
de_gtfs,21636,34,2.0,0
de_gtfs,22686,E17,2.0,0
de_gtfs,2367,55,2.0,0
de_gtfs,21969,E37,2.0,0
de_gtfs,6951,S5N,2.0,0
de_gtfs,3654,E39,2.0,0
de_gtfs,1414,GI-61,2.0,0
de_gtfs,13469,V10,2.0,0
de_gtfs,24202,647,2.0,0
de_gtfs,77,RE25,1.0,0
de_gtfs,10580,43N,1.0,0
de_gtfs,12237,E1,1.0,0
de_gtfs,7320,RE5,1.0,0
de_gtfs,19419,RB84,1.0,0
de_gtfs,1886,E5,1.0,0
de_gtfs,1927,35,1.0,0
de_gtfs,23924,V03,1.0,0
de_gtfs,22316,E23,1.0,0
de_gtfs,22209,E20,1.0,0
de_gtfs,17836,V04,1.0,0
de_gtfs,18248,LM-52,1.0,0
de_gtfs,18551,E3,1.0,0
de_gtfs,21187,47,1.0,0
de_gtfs,20661,RB44,1.0,0
de_gtfs,14724,RE15,1.0,0
de_gtfs,14736,E21,1.0,0
de_gtfs,3379,N1720,1.0,0
de_gtfs,4358,RE4,1.0,0
de_gtfs,2721,E45,1.0,0
de_gtfs,15392,48,1.0,0
de_gtfs,5898,E18,1.0,0
de_gtfs,5879,RB61,1.0,0
