origin_id,unit_id,name,level,parent_id,population,point_source,lon,lat,dist_km,dist_km_core,travel_time_p25,t_tc,travel_time_p75,t_tc_spread,walk_time,car_time,v_eff_kmh,rank_dist,rank_time,paradox_index,paradox_norm,time_excess_pct,ratio_tc_car,transfers,transfers_censored,walk_only,dead_zone,top_nah_fern,top_fern_nah,is_origin_commune
centre,06434006,Kronberg im Taunus,commune,,18671,osm_townhall,8.508,50.178,0.246,14.570,4,4,4.000,0.000,4.000,0.692,3.687,,,,,,5.783,0.000,False,True,False,,,True
centre,06436011,Schwalbach am Taunus,commune,,15443,osm_townhall,8.529,50.154,3.142,12.000,36,41,49.000,13.000,51.000,6.618,4.598,1.000,5.000,4.000,0.035,28.813,6.195,1.000,False,False,False,,,False
centre,06434005,Königstein im Taunus,commune,,16680,osm_townhall,8.465,50.182,3.307,17.479,22,27,36.000,14.000,49.000,10.182,7.348,2.000,1.000,-1.000,-0.009,-17.495,2.652,0.000,False,False,False,,,False
centre,06436001,Bad Soden am Taunus,commune,,23103,osm_townhall,8.501,50.144,4.004,13.502,39,45,53.000,14.000,64.000,10.158,5.339,3.000,7.500,4.500,0.040,23.903,4.430,1.000,False,False,False,,,False
centre,06436003,Eschborn,commune,,22403,osm_townhall,8.551,50.147,4.614,10.242,34,41,49.000,15.000,74.000,7.573,6.752,4.000,5.000,1.000,0.009,4.500,5.414,1.000,False,False,False,,,False
centre,06434010,Steinbach (Taunus),commune,,10856,osm_townhall,8.576,50.168,4.869,9.876,33,38,45.000,12.000,78.000,11.288,7.687,5.000,3.000,-2.000,-0.018,-5.937,3.366,1.000,False,False,False,,,False
centre,06436012,Sulzbach (Taunus),commune,,8846,osm_townhall,8.528,50.132,5.395,11.320,42,54,60.000,18.000,87.000,10.278,5.995,6.000,15.000,9.000,0.080,26.400,5.254,1.000,False,False,False,,,False
centre,06434008,Oberursel (Taunus),commune,,46736,osm_townhall,8.580,50.201,5.491,12.357,31,34,38.000,7.000,85.000,11.233,9.689,7.000,2.000,-5.000,-0.044,-21.172,3.027,1.000,False,False,False,,,False
centre,06436008,Kelkheim (Taunus),commune,,28175,osm_townhall,8.449,50.141,6.160,17.014,54,60,66.000,12.000,106.000,15.200,6.160,8.000,30.000,22.000,0.195,30.664,3.947,1.000,False,False,False,,,False
centre,06436010,Liederbach am Taunus,commune,,8887,osm_townhall,8.491,50.121,6.697,13.750,60,66,74.000,14.000,111.000,15.380,6.089,9.000,43.500,34.500,0.305,37.331,4.291,1.000,False,False,True,7.000,,False
centre,FFM-STT-41,Sossenheim,district,06412000,16498,osm_place,8.567,50.120,7.742,8.347,48,55,63.000,15.000,117.000,11.332,8.446,10.000,17.500,7.500,0.066,5.759,4.854,1.000,False,False,False,,,False
centre,FFM-STT-25,Niederursel,district,06412000,17585,osm_place,8.619,50.169,7.821,7.907,54,57,62.000,8.000,,21.380,8.232,11.000,22.000,11.000,0.097,9.003,2.666,2.000,False,False,False,,,False
centre,FFM-STT-40,Unterliederbach,district,06412000,17284,osm_place,8.532,50.110,7.863,10.743,55,63,68.000,13.000,,14.118,7.488,12.000,37.000,25.000,0.221,20.127,4.462,1.000,False,False,True,,,False
centre,FFM-STT-22,Praunheim,district,06412000,16636,osm_place,8.622,50.151,8.548,6.220,52,60,67.000,15.000,,17.317,8.548,13.000,30.000,17.000,0.150,9.313,3.465,1.000,False,False,False,,,False
centre,FFM-STT-36,Höchst,district,06412000,15993,osm_townhall,8.543,50.102,8.994,10.047,49,54,62.000,13.000,,16.450,9.994,14.000,15.000,1.000,0.009,-4.305,3.283,1.000,False,False,False,,,False
centre,FFM-STT-43,Kalbach-Riedberg,district,06412000,23435,representative_point,8.639,50.186,9.199,8.943,70,74,78.000,8.000,,16.905,7.459,15.000,59.000,44.000,0.389,29.541,4.377,3.000,False,False,False,2.000,,False
centre,06434001,Bad Homburg v.d.Höhe,commune,,56688,osm_townhall,8.622,50.224,9.354,13.272,45,48,52.000,7.000,,14.825,11.693,16.000,10.000,-6.000,-0.053,-16.736,3.238,1.000,False,False,False,,,False
centre,FFM-STT-39,Zeilsheim,district,06412000,12798,osm_place,8.495,50.096,9.429,13.532,65,71,78.000,13.000,,16.007,7.968,17.000,54.500,37.500,0.332,22.629,4.436,2.000,False,False,False,5.000,,False
centre,FFM-STT-20,Rödelheim,district,06412000,19839,osm_place,8.613,50.125,9.492,5.238,34,41,49.000,15.000,,14.273,13.890,18.000,5.000,-13.000,-0.115,-29.440,2.872,0.000,False,False,False,,,False
centre,FFM-STT-21,Hausen,district,06412000,7381,osm_place,8.624,50.132,9.705,4.772,47,54,61.000,14.000,,16.097,10.783,19.000,15.000,-4.000,-0.035,-8.184,3.355,1.000,False,False,False,,,False
centre,FFM-STT-37,Nied,district,06412000,20022,osm_place,8.572,50.101,9.826,7.965,51,58,66.000,15.000,,20.098,10.165,20.000,25.500,5.500,0.049,-2.048,2.886,1.000,False,False,False,,,False
centre,FFM-STT-24,Heddernheim,district,06412000,17343,osm_place,8.647,50.160,9.966,5.996,52,58,66.000,14.000,,20.052,10.310,21.000,25.500,4.500,0.040,-2.802,2.893,1.000,False,False,False,,,False
centre,06434003,Glashütten,commune,,5311,osm_townhall,8.403,50.237,9.977,24.391,48,56,63.000,15.000,,18.705,10.689,22.000,19.500,-2.500,-0.022,-6.206,2.994,1.000,False,False,False,,,False
centre,06436002,Eppstein,commune,,13070,osm_townhall,8.376,50.149,10.227,22.346,71,77,86.000,15.000,,23.688,7.969,23.000,63.000,40.000,0.354,27.242,3.251,2.000,False,False,False,4.000,,False
centre,FFM-STT-28,Eschersheim,district,06412000,15497,osm_place,8.656,50.158,10.670,5.588,42,49,57.000,15.000,,22.028,13.066,24.000,11.000,-13.000,-0.115,-20.879,2.224,1.000,False,False,False,,,False
centre,FFM-STT-26,Ginnheim,district,06412000,17439,osm_place,8.650,50.143,10.748,4.273,53,60,68.000,15.000,,18.698,10.748,25.000,30.000,5.000,0.044,-3.501,3.209,1.000,False,False,False,,,False
centre,06436009,Kriftel,commune,,11356,osm_townhall,8.471,50.085,10.902,15.428,63,70,77.000,14.000,,16.487,9.344,26.000,51.000,25.000,0.221,11.717,4.246,1.000,False,False,False,10.000,,False
centre,FFM-STT-31,Bonames,district,06412000,6331,osm_place,8.663,50.181,10.906,7.956,59,66,72.000,13.000,,17.723,9.914,27.000,43.500,16.500,0.146,5.311,3.724,2.000,False,False,False,,,False
centre,FFM-STT-38,Sindlingen,district,06412000,8777,osm_place,8.518,50.080,11.121,12.284,62,70,76.000,14.000,,19.257,9.533,28.000,51.000,23.000,0.204,10.510,3.635,2.000,False,False,False,,,False
centre,06434009,Schmitten im Taunus,commune,,9323,osm_townhall,8.442,50.271,11.221,24.690,70,86,97.000,27.000,,20.973,7.829,29.000,75.500,46.500,0.412,35.112,4.100,1.000,False,False,False,1.000,,False
centre,06436007,Hofheim am Taunus,commune,,39259,osm_townhall,8.448,50.085,11.455,17.046,57,63,68.000,11.000,,18.423,10.910,30.000,37.000,7.000,0.062,-2.130,3.420,1.000,False,False,False,,,False
centre,FFM-STT-12,Bockenheim,district,06412000,45051,osm_place,8.646,50.123,11.532,2.946,40,47,55.000,15.000,,17.968,14.722,31.000,9.000,-22.000,-0.195,-27.253,2.616,0.000,False,False,False,,,False
centre,FFM-STT-45,Nieder-Eschbach,district,06412000,12200,osm_townhall,8.671,50.199,11.668,9.802,63,67,72.000,9.000,,17.410,10.449,32.000,46.000,14.000,0.124,3.047,3.848,2.000,False,False,False,,,False
centre,FFM-STT-18,Schwanheim,district,06412000,20586,osm_place,8.584,50.085,11.726,7.621,72,79,87.000,15.000,,22.103,8.906,33.000,66.500,33.500,0.296,21.172,3.574,2.000,False,False,False,8.000,,False
centre,FFM-STT-47,Frankfurter Berg,district,06412000,8252,osm_place,8.676,50.168,11.860,6.374,51,58,66.000,15.000,,18.342,12.269,34.000,25.500,-8.500,-0.075,-11.586,3.162,1.000,False,False,False,,,False
centre,FFM-STT-19,Griesheim,district,06412000,23166,osm_place,8.608,50.091,12.030,5.757,49,56,64.000,15.000,,21.502,12.890,35.000,19.500,-15.500,-0.137,-15.294,2.604,1.000,False,False,False,,,False
centre,06436005,Hattersheim am Main,commune,,28467,osm_townhall,8.483,50.070,12.357,14.988,77,83,91.000,14.000,,17.015,8.933,36.000,72.000,36.000,0.319,23.730,4.878,2.000,False,False,False,6.000,,False
centre,06434002,Friedrichsdorf,commune,,25871,osm_townhall,8.639,50.255,12.412,16.307,56,63,72.000,16.000,,20.680,11.821,37.000,37.000,0.000,0.000,-6.311,3.046,1.000,False,False,False,,,False
centre,FFM-STT-29,Eckenheim,district,06412000,14110,osm_place,8.680,50.152,12.476,4.546,60,67,75.000,15.000,,18.143,11.172,38.000,46.000,8.000,0.071,-0.642,3.693,3.000,False,False,False,,,False
centre,06434007,Neu-Anspach,commune,,14342,osm_townhall,8.510,50.293,12.567,23.667,79,89,100.000,21.000,,22.845,8.472,39.000,81.000,42.000,0.372,31.462,3.896,2.000,False,False,False,3.000,,False
centre,FFM-STT-27,Dornbusch,district,06412000,18803,osm_place,8.675,50.139,12.602,3.174,57,64,72.000,15.000,,18.183,11.815,40.000,40.000,0.000,0.000,-5.611,3.520,1.000,False,False,False,,,False
centre,FFM-STT-11,Gallus,district,06412000,44976,osm_place,8.643,50.104,12.683,2.921,38,45,53.000,15.000,,18.838,16.911,41.000,7.500,-33.500,-0.296,-33.863,2.389,0.000,False,False,False,,6.000,False
centre,FFM-STT-5,Westend-Nord,district,06412000,10179,osm_place,8.668,50.126,12.710,2.010,53,60,68.000,15.000,,20.480,12.710,42.000,30.000,-12.000,-0.106,-11.918,2.930,1.000,False,False,False,,,False
centre,FFM-STT-30,Preungesheim,district,06412000,15784,osm_place,8.688,50.157,12.917,5.093,66,73,82.000,16.000,,18.698,10.616,43.000,57.500,14.500,0.128,6.229,3.904,2.000,False,False,False,,,False
centre,FFM-STT-44,Harheim,district,06412000,5254,osm_townhall,8.692,50.182,12.978,7.953,63,71,79.000,16.000,,21.207,10.967,44.000,54.500,10.500,0.093,3.054,3.348,1.000,False,False,False,,,False
centre,FFM-STT-4,Westend-Süd,district,06412000,19575,osm_place,8.662,50.115,12.994,1.522,50,57,65.000,15.000,,18.830,13.678,45.000,22.000,-23.000,-0.204,-17.325,3.027,0.000,False,False,False,,,False
centre,FFM-STT-32,Berkersheim,district,06412000,3866,osm_place,8.697,50.173,13.352,7.023,56,63,71.000,15.000,,21.412,12.716,46.000,37.000,-9.000,-0.080,-9.963,2.942,1.000,False,False,False,,,False
centre,06433007,Kelsterbach,commune,,16622,osm_townhall,8.532,50.060,13.356,12.112,70,77,85.000,15.000,,22.683,10.407,47.000,63.000,16.000,0.142,10.027,3.395,1.000,False,False,False,,,False
centre,FFM-STT-6,Nordend-West,district,06412000,32052,osm_place,8.678,50.125,13.420,1.594,54,61,69.000,15.000,,18.693,13.200,48.000,33.500,-14.500,-0.128,-13.063,3.263,1.000,False,False,False,,,False
centre,FFM-STT-3,Bahnhofsviertel,district,06412000,3907,osm_place,8.668,50.108,13.771,1.058,44,51,59.000,15.000,,18.547,16.201,49.000,12.000,-37.000,-0.327,-28.329,2.750,0.000,False,False,False,,3.000,False
centre,FFM-STT-10,Gutleutviertel,district,06412000,6900,osm_place,8.661,50.102,13.787,1.869,50,57,65.000,15.000,,19.320,14.513,50.000,22.000,-28.000,-0.248,-19.948,2.950,0.000,False,False,False,,7.000,False
centre,FFM-STT-17,Niederrad,district,06412000,30834,osm_place,8.643,50.088,13.876,3.794,61,68,76.000,15.000,,19.448,12.244,51.000,48.000,-3.000,-0.027,-4.833,3.496,1.000,False,False,False,,,False
centre,06439011,Niedernhausen,commune,,14345,osm_townhall,8.317,50.162,13.960,26.712,72,80,89.000,17.000,,28.317,10.470,52.000,69.500,17.500,0.155,11.596,2.825,1.000,False,False,False,,,False
centre,FFM-STT-2,Innenstadt,district,06412000,6895,osm_place,8.684,50.115,14.328,0.417,46,53,61.000,15.000,,21.175,16.221,53.000,13.000,-40.000,-0.354,-27.110,2.503,0.000,False,False,False,,1.000,False
centre,FFM-STT-7,Nordend-Ost,district,06412000,22875,osm_place,8.692,50.125,14.342,1.714,53,60,69.000,16.000,,19.533,14.342,54.000,30.000,-24.000,-0.212,-17.526,3.072,1.000,False,False,False,,10.000,False
centre,06434012,Wehrheim,commune,,9271,osm_townhall,8.570,50.303,14.373,22.869,83,90,97.000,14.000,,19.927,9.582,55.000,82.000,27.000,0.239,23.568,4.517,2.000,False,False,False,9.000,,False
centre,FFM-STT-42,Nieder-Erlenbach,district,06412000,4841,osm_townhall,8.709,50.203,14.407,10.462,70,76,83.000,13.000,,23.255,11.374,56.000,60.500,4.500,0.040,4.211,3.268,2.000,False,False,False,,,False
centre,FFM-STT-1,Altstadt,district,06412000,4212,osm_townhall,8.682,50.110,14.447,0.072,47,55,63.000,16.000,,21.073,15.761,57.000,17.500,-39.500,-0.350,-24.699,2.610,1.000,False,False,False,,2.000,False
centre,FFM-STT-13,Sachsenhausen-Nord,district,06412000,32568,representative_point,8.675,50.099,14.804,1.478,54,61,69.000,15.000,,21.213,14.561,58.000,33.500,-24.500,-0.217,-17.585,2.876,1.000,False,False,False,,9.000,False
centre,FFM-STT-9,Bornheim,district,06412000,30897,osm_place,8.711,50.130,15.333,2.908,56,63,71.000,15.000,,22.830,14.603,59.000,37.000,-22.000,-0.195,-16.495,2.760,1.000,False,False,False,,,False
centre,FFM-STT-8,Ostend,district,06412000,31635,osm_place,8.700,50.112,15.466,1.265,51,58,66.000,15.000,,23.415,15.999,60.000,25.500,-34.500,-0.305,-23.484,2.477,0.000,False,False,False,,4.000,False
centre,FFM-STT-34,Seckbach,district,06412000,10569,osm_place,8.726,50.143,15.900,4.771,62,69,77.000,15.000,,26.557,13.826,61.000,49.000,-12.000,-0.106,-10.332,2.598,2.000,False,False,False,,,False
centre,06439016,Waldems,commune,,5288,osm_townhall,8.313,50.250,16.147,30.608,60,71,92.000,32.000,,24.148,13.645,62.000,54.500,-7.500,-0.066,-8.505,2.940,1.000,False,False,False,,,False
centre,06440003,Bad Vilbel,commune,,35961,osm_townhall,8.745,50.183,16.711,9.211,58,65,73.000,15.000,,22.083,15.425,63.000,41.500,-21.500,-0.190,-17.788,2.943,2.000,False,False,False,,,False
centre,FFM-STT-33,Riederwald,district,06412000,4899,osm_place,8.733,50.129,16.876,4.139,58,65,73.000,15.000,,24.003,15.578,64.000,41.500,-22.500,-0.199,-18.227,2.708,1.000,False,False,False,,,False
centre,06434011,Usingen,commune,,15683,osm_townhall,8.537,50.334,17.261,26.913,91,98,106.000,15.000,,24.633,10.568,65.000,93.500,28.500,0.252,21.785,3.978,2.000,False,False,False,,,False
centre,FFM-STT-14,Sachsenhausen-Süd (inkl. Flughafen),district,06412000,30063,representative_point,8.685,50.071,17.398,4.455,63,70,78.000,15.000,,26.055,14.912,66.000,51.000,-15.000,-0.133,-13.385,2.687,1.000,False,False,False,,,False
centre,FFM-STT-16,Oberrad,district,06412000,13755,osm_place,8.723,50.100,17.589,3.150,60,67,75.000,15.000,,25.302,15.751,67.000,46.000,-21.000,-0.186,-17.590,2.648,1.000,False,False,False,,,False
centre,FFM-STT-46,Bergen-Enkheim,district,06412000,18126,osm_place,8.756,50.154,17.739,7.060,74,81,89.000,15.000,,26.735,13.140,68.000,71.000,3.000,0.027,-0.828,3.030,2.000,False,False,False,,,False
centre,06439008,Idstein,commune,,25736,osm_townhall,8.269,50.221,17.834,31.965,65,76,99.000,34.000,,30.402,14.079,69.000,60.500,-8.500,-0.075,-7.220,2.500,0.000,False,False,False,,,False
centre,06440023,Rosbach v.d.Höhe,commune,,13084,osm_townhall,8.688,50.299,18.334,20.948,86,98,120.000,34.000,,21.453,11.225,70.000,93.500,23.500,0.208,17.849,4.568,2.000,False,False,False,,,False
centre,06440012,Karben,commune,,22600,osm_townhall,8.763,50.233,18.954,14.776,70,77,85.000,15.000,,27.087,14.769,71.000,63.000,-8.000,-0.071,-9.065,2.843,1.000,False,False,False,,,False
centre,06438009,Neu-Isenburg,commune,,37926,osm_townhall,8.695,50.055,19.137,6.286,64,71,80.000,16.000,,26.287,16.173,72.000,54.500,-17.500,-0.155,-16.590,2.701,2.000,False,False,False,,,False
centre,06436004,Flörsheim am Main,commune,,21344,osm_townhall,8.431,50.015,19.243,20.969,91,98,109.000,18.000,,27.688,11.781,73.000,93.500,20.500,0.181,14.786,3.539,2.000,False,False,False,,,False
centre,FFM-STT-35,Fechenheim,district,06412000,17155,osm_townhall,8.769,50.124,19.494,6.405,71,79,87.000,16.000,,27.975,14.806,74.000,66.500,-7.500,-0.066,-8.120,2.824,1.000,False,False,False,,,False
centre,06433010,Raunheim,commune,,15297,osm_townhall,8.450,50.009,19.521,20.155,77,84,92.000,15.000,,28.917,13.943,75.000,73.000,-2.000,-0.018,-2.377,2.905,1.000,False,False,False,,,False
centre,06413000,Offenbach am Main,commune,,132746,osm_townhall,8.761,50.106,19.705,5.663,66,73,81.000,15.000,,25.308,16.196,76.000,57.500,-18.500,-0.164,-15.595,2.884,1.000,False,False,False,,,False
centre,06434013,Weilrod,commune,,6856,osm_townhall,8.383,50.346,20.575,33.740,107,118,136.000,29.000,,34.270,10.462,77.000,105.000,28.000,0.248,33.265,3.443,2.000,False,False,False,,,False
centre,06435022,Niederdorfelden,commune,,4215,osm_townhall,8.804,50.195,21.045,12.769,81,88,94.000,13.000,,28.397,14.349,78.000,78.500,0.500,0.004,-1.831,3.099,2.000,False,False,False,,,False
centre,06440025,Wöllstadt,commune,,6593,osm_townhall,8.769,50.277,21.365,19.486,84,91,97.000,13.000,,28.353,14.087,79.000,83.000,4.000,0.035,0.685,3.209,1.000,False,False,False,,,False
centre,06533003,Bad Camberg,commune,,14268,osm_townhall,8.272,50.297,21.489,35.915,105,116,139.000,34.000,,33.808,11.115,80.000,102.500,22.500,0.199,27.941,3.431,1.000,False,False,False,,,False
centre,06433012,Rüsselsheim am Main,commune,,65627,osm_townhall,8.411,49.995,21.718,23.292,79,86,94.000,15.000,,29.322,15.152,81.000,75.500,-5.500,-0.049,-5.691,2.933,1.000,False,False,False,,,False
centre,06436006,Hochheim am Main,commune,,18422,osm_townhall,8.351,50.010,22.091,26.276,91,98,105.000,14.000,,31.958,13.525,82.000,93.500,11.500,0.102,6.476,3.066,2.000,False,False,False,,,False
centre,06414000,Wiesbaden,commune,,288850,osm_townhall,8.241,50.082,22.134,31.747,81,88,95.000,14.000,,30.842,15.091,83.000,78.500,-4.500,-0.040,-4.491,2.853,2.000,False,False,False,,,False
centre,06438002,Dreieich,commune,,41692,osm_townhall,8.696,50.018,22.328,10.337,89,97,105.000,16.000,,28.512,13.811,84.000,90.500,6.500,0.058,4.777,3.402,2.000,False,False,False,,,False
centre,06435019,Maintal,commune,,38987,osm_townhall,8.831,50.152,23.085,11.530,86,93,104.000,18.000,,31.320,14.893,85.000,86.000,1.000,0.009,-1.350,2.969,1.000,False,False,False,,,False
centre,06433008,Mörfelden-Walldorf,commune,,31638,osm_townhall,8.568,49.975,23.104,17.180,72,79,87.000,15.000,,23.428,17.547,86.000,66.500,-19.500,-0.173,-16.238,3.372,1.000,False,False,False,,,False
centre,06434004,Grävenwiesbach,commune,,5376,osm_townhall,8.403,50.380,23.515,35.915,123,136,151.000,28.000,,36.152,10.374,87.000,110.000,23.000,0.204,42.819,3.762,3.000,False,False,False,,,False
centre,06440017,Niddatal,commune,,9861,osm_townhall,8.803,50.280,23.622,20.661,109,120,135.000,26.000,,29.437,11.811,88.000,107.000,19.000,0.168,25.708,4.077,2.000,False,False,False,,,False
centre,06433002,Bischofsheim,commune,,12979,osm_townhall,8.359,49.990,23.784,26.835,85,92,99.000,14.000,,32.005,15.511,89.000,84.000,-5.000,-0.044,-3.983,2.875,1.000,False,False,False,,,False
centre,06439007,Hünstetten,commune,,10380,osm_townhall,8.196,50.250,23.804,38.054,125,136,159.000,34.000,,38.762,10.502,90.000,110.000,20.000,0.177,41.874,3.509,1.000,False,False,False,,,False
centre,06438008,Mühlheim am Main,commune,,29194,osm_townhall,8.833,50.120,23.962,10.785,73,80,88.000,15.000,,34.367,17.971,91.000,69.500,-21.500,-0.190,-16.845,2.328,1.000,False,False,False,,,False
centre,06438006,Langen (Hessen),commune,,38785,osm_townhall,8.667,49.987,24.138,13.784,72,79,89.000,17.000,,28.315,18.333,92.000,66.500,-25.500,-0.226,-18.211,2.790,2.000,False,False,False,,8.000,False
centre,06440008,Friedberg (Hessen),commune,,30409,osm_townhall,8.756,50.333,24.402,25.226,79,85,92.000,13.000,,28.203,17.225,93.000,74.000,-19.000,-0.168,-12.519,3.014,1.000,False,False,False,,,False
centre,06435026,Schöneck,commune,,11837,osm_townhall,8.855,50.202,24.720,15.944,101,112,124.000,23.000,,32.268,13.243,94.000,99.000,5.000,0.044,14.459,3.471,1.000,False,False,False,,,False
centre,06438005,Heusenstamm,commune,,19312,osm_townhall,8.808,50.063,24.929,10.460,84,93,104.000,20.000,,31.133,16.083,95.000,86.000,-9.000,-0.080,-5.392,2.987,2.000,False,False,False,,,False
centre,06439015,Taunusstein,commune,,30145,osm_townhall,8.161,50.143,25.337,37.490,106,113,121.000,15.000,,43.302,13.453,96.000,100.500,4.500,0.040,13.942,2.610,2.000,False,False,False,,,False
centre,06440018,Ober-Mörlen,commune,,5706,osm_townhall,8.693,50.376,25.379,29.452,106,118,130.000,24.000,,26.260,12.905,97.000,105.000,8.000,0.071,18.876,4.494,2.000,False,False,False,,,False
centre,06440002,Bad Nauheim,commune,,32894,osm_townhall,8.736,50.365,26.141,28.556,91,97,104.000,13.000,,32.252,16.170,98.000,90.500,-7.500,-0.066,-3.841,3.008,1.000,False,False,False,,,False
centre,07315000,Mainz,commune,,224684,osm_townhall,8.268,50.003,26.248,32.025,81,88,96.000,15.000,,33.558,17.897,99.000,78.500,-20.500,-0.181,-12.957,2.622,2.000,False,False,False,,,False
centre,06438003,Egelsbach,commune,,10960,osm_townhall,8.664,49.965,26.316,16.304,88,96,108.000,20.000,,29.480,16.448,100.000,89.000,-11.000,-0.097,-5.178,3.256,2.000,False,False,False,,,False
centre,06438001,Dietzenbach,commune,,35561,osm_townhall,8.783,50.019,26.426,12.485,86,93,105.000,19.000,,32.127,17.049,101.000,86.000,-15.000,-0.133,-8.350,2.895,2.000,False,False,False,,,False
centre,06433009,Nauheim,commune,,10496,osm_townhall,8.455,49.945,26.461,24.661,111,118,125.000,14.000,,32.422,13.455,102.000,105.000,3.000,0.027,16.204,3.640,2.000,False,False,False,,,False
centre,06533014,Selters (Taunus),commune,,8158,osm_townhall,8.227,50.333,26.512,40.882,110,121,144.000,34.000,,40.185,13.147,103.000,108.000,5.000,0.044,19.034,3.011,1.000,False,False,False,,,False
centre,06435021,Nidderau,commune,,20119,osm_townhall,8.875,50.228,26.544,18.930,87,95,101.000,14.000,,36.848,16.765,104.000,88.000,-16.000,-0.142,-6.605,2.578,2.000,False,False,False,,,False
centre,06433005,Ginsheim-Gustavsburg,commune,,16488,osm_townhall,8.346,49.965,26.659,29.063,100,107,115.000,15.000,,34.692,14.949,105.000,97.000,-8.000,-0.071,4.944,3.084,2.000,False,False,False,,,False
centre,06438010,Obertshausen,commune,,25316,osm_townhall,8.847,50.069,26.974,12.621,94,104,115.000,21.000,,28.933,15.562,106.000,96.000,-10.000,-0.088,1.351,3.594,3.000,False,False,False,,,False
centre,06432006,Erzhausen,commune,,7794,osm_townhall,8.634,49.950,27.044,18.219,108,116,123.000,15.000,,34.857,13.988,107.000,102.500,-4.500,-0.040,12.888,3.328,2.000,False,False,False,,,False
centre,06532022,Waldsolms,commune,,4660,osm_townhall,8.496,50.435,28.387,38.395,124,136,159.000,35.000,,40.238,12.524,108.000,110.000,2.000,0.018,28.904,3.380,2.000,False,False,False,,,False
centre,06435006,Bruchköbel,commune,,20509,osm_townhall,8.919,50.179,29.135,18.494,103,110,119.000,16.000,,38.985,15.892,109.000,98.000,-11.000,-0.097,2.795,2.822,2.000,False,False,False,,,False
centre,06433014,Trebur,commune,,12799,osm_townhall,8.405,49.925,29.297,28.649,106,113,121.000,15.000,,34.385,15.556,110.000,100.500,-9.500,-0.084,5.279,3.286,2.000,False,False,False,,,False
centre,06439006,Hohenstein,commune,,5829,osm_townhall,8.100,50.194,29.348,42.609,147,156,166.000,19.000,,50.282,11.288,111.000,112.000,1.000,0.009,45.204,3.103,2.000,False,False,False,,,False
centre,06435014,Hanau,commune,,97956,osm_townhall,8.917,50.133,29.499,16.964,81,88,99.000,18.000,,38.213,20.113,112.000,78.500,-33.500,-0.296,-18.319,2.303,2.000,False,False,False,,5.000,False
centre,06533018,Weilmünster,commune,,8674,osm_townhall,8.372,50.432,29.711,41.988,144,160,,,,42.563,11.142,113.000,113.000,0.000,0.000,47.934,3.759,3.000,False,False,False,,,False
gare,06434006,Kronberg im Taunus,commune,,18671,osm_townhall,8.508,50.178,0.634,14.570,10,10,10.000,0.000,10.000,2.210,3.805,,,,,,4.525,0.000,False,True,False,,,True
gare,06436011,Schwalbach am Taunus,commune,,15443,osm_townhall,8.529,50.154,3.079,12.000,34,39,46.000,12.000,55.000,7.708,4.737,1.000,6.500,5.500,0.049,26.953,5.059,0.000,False,False,False,,,False
gare,06434005,Königstein im Taunus,commune,,16680,osm_townhall,8.465,50.182,3.693,17.479,27,34,44.000,17.000,56.000,10.592,6.518,2.000,1.000,-1.000,-0.009,0.606,3.210,0.000,False,False,False,,,False
gare,06436001,Bad Soden am Taunus,commune,,23103,osm_townhall,8.501,50.144,4.166,13.502,44,47,52.000,8.000,69.000,11.248,5.318,3.000,11.500,8.500,0.075,30.566,4.178,1.000,False,False,False,,,False
gare,06436003,Eschborn,commune,,22403,osm_townhall,8.551,50.147,4.445,10.242,28,35,43.000,15.000,73.000,8.663,7.620,4.000,3.000,-1.000,-0.009,-6.014,4.040,1.000,False,False,False,,,False
gare,06434010,Steinbach (Taunus),commune,,10856,osm_townhall,8.576,50.168,4.516,9.876,30,36,44.000,14.000,73.000,12.378,7.527,5.000,5.000,0.000,0.000,-4.131,2.908,1.000,False,False,False,,,False
gare,06434008,Oberursel (Taunus),commune,,46736,osm_townhall,8.580,50.201,5.102,12.357,31,35,38.000,7.000,80.000,11.643,8.747,6.000,3.000,-3.000,-0.027,-12.570,3.006,1.000,False,False,False,,,False
gare,06436012,Sulzbach (Taunus),commune,,8846,osm_townhall,8.528,50.132,5.397,11.320,48,57,62.000,14.000,86.000,11.368,5.681,7.000,32.500,25.500,0.226,38.257,5.014,1.000,False,False,False,,,False
gare,06436008,Kelkheim (Taunus),commune,,28175,osm_townhall,8.449,50.141,6.499,17.014,60,64,69.000,9.000,113.000,15.610,6.093,8.000,47.500,39.500,0.350,40.830,4.100,2.000,False,False,True,6.000,,False
gare,06436010,Liederbach am Taunus,commune,,8887,osm_townhall,8.491,50.121,6.867,13.750,64,69,76.000,12.000,116.000,16.470,5.971,9.000,57.000,48.000,0.425,47.514,4.189,2.000,False,False,True,3.000,,False
gare,FFM-STT-25,Niederursel,district,06412000,17585,osm_place,8.619,50.169,7.445,7.907,53,57,61.000,8.000,116.000,22.452,7.837,10.000,32.500,22.500,0.199,16.804,2.539,2.000,False,False,False,,,False
gare,FFM-STT-41,Sossenheim,district,06412000,16498,osm_place,8.567,50.120,7.615,8.347,42,49,57.000,15.000,116.000,12.422,9.324,11.000,15.000,4.000,0.035,-0.769,3.945,1.000,False,False,False,,,False
gare,FFM-STT-40,Unterliederbach,district,06412000,17284,osm_place,8.532,50.110,7.872,10.743,55,60,68.000,13.000,,15.208,7.872,12.000,41.000,29.000,0.257,19.409,3.945,1.000,False,False,False,9.000,,False
gare,FFM-STT-22,Praunheim,district,06412000,16636,osm_place,8.622,50.151,8.216,6.220,46,54,61.000,15.000,,18.407,9.129,13.000,26.000,13.000,0.115,5.083,2.934,1.000,False,False,False,,,False
gare,FFM-STT-43,Kalbach-Riedberg,district,06412000,23435,representative_point,8.639,50.186,8.801,8.943,68,75,80.000,12.000,,17.315,7.041,14.000,66.500,52.500,0.465,40.784,4.332,3.000,False,False,False,1.000,,False
gare,FFM-STT-36,Höchst,district,06412000,15993,osm_townhall,8.543,50.102,8.978,10.047,45,51,56.000,11.000,,17.540,10.563,15.000,19.000,4.000,0.035,-5.263,2.908,1.000,False,False,False,,,False
gare,06434001,Bad Homburg v.d.Höhe,commune,,56688,osm_townhall,8.622,50.224,8.980,13.272,45,49,52.000,7.000,,15.235,10.996,16.000,15.000,-1.000,-0.009,-8.985,3.216,1.000,False,False,False,,,False
gare,FFM-STT-20,Rödelheim,district,06412000,19839,osm_place,8.613,50.125,9.245,5.238,28,35,43.000,15.000,,15.363,15.849,17.000,3.000,-14.000,-0.124,-35.974,2.278,0.000,False,False,False,,,False
gare,FFM-STT-21,Hausen,district,06412000,7381,osm_place,8.624,50.132,9.422,4.772,41,48,56.000,15.000,,17.187,11.778,18.000,13.000,-5.000,-0.044,-13.061,2.793,1.000,False,False,False,,,False
gare,FFM-STT-39,Zeilsheim,district,06412000,12798,osm_place,8.495,50.096,9.562,13.532,61,68,75.000,14.000,,17.097,8.437,19.000,56.000,37.000,0.327,22.218,3.977,1.000,False,False,False,7.000,,False
gare,FFM-STT-24,Heddernheim,district,06412000,17343,osm_place,8.647,50.160,9.602,5.996,47,54,61.000,14.000,,20.462,10.669,20.000,26.000,6.000,0.053,-3.159,2.639,1.000,False,False,False,,,False
gare,FFM-STT-37,Nied,district,06412000,20022,osm_place,8.572,50.101,9.727,7.965,45,52,60.000,15.000,,21.188,11.224,21.000,22.000,1.000,0.009,-7.377,2.454,1.000,False,False,False,,,False
gare,06434003,Glashütten,commune,,5311,osm_townhall,8.403,50.237,10.234,24.391,53,60,66.000,13.000,,19.115,10.234,22.000,41.000,19.000,0.168,4.068,3.139,1.000,False,False,False,,,False
gare,FFM-STT-28,Eschersheim,district,06412000,15497,osm_place,8.656,50.158,10.306,5.588,36,43,51.000,15.000,,22.438,14.380,23.000,9.000,-14.000,-0.124,-25.692,1.916,1.000,False,False,False,,,False
gare,FFM-STT-26,Ginnheim,district,06412000,17439,osm_place,8.650,50.143,10.416,4.273,47,54,62.000,15.000,,19.788,11.574,24.000,26.000,2.000,0.018,-7.204,2.729,1.000,False,False,False,,,False
gare,FFM-STT-31,Bonames,district,06412000,6331,osm_place,8.663,50.181,10.512,7.956,53,60,68.000,15.000,,18.133,10.512,25.000,41.000,16.000,0.142,2.616,3.309,2.000,False,False,False,,,False
gare,06436002,Eppstein,commune,,13070,osm_townhall,8.376,50.149,10.623,22.346,74,78,85.000,11.000,,24.098,8.172,26.000,69.500,43.500,0.385,32.663,3.237,2.000,False,False,False,5.000,,False
gare,06436009,Kriftel,commune,,11356,osm_townhall,8.471,50.085,11.086,15.428,59,65,73.000,14.000,,17.577,10.234,27.000,50.500,23.500,0.208,8.109,3.698,1.000,False,False,False,,,False
gare,FFM-STT-38,Sindlingen,district,06412000,8777,osm_place,8.518,50.080,11.189,12.284,57,65,72.000,15.000,,20.347,10.328,28.000,50.500,22.500,0.199,7.590,3.195,2.000,False,False,False,,,False
gare,FFM-STT-12,Bockenheim,district,06412000,45051,osm_place,8.646,50.123,11.248,2.946,34,41,49.000,15.000,,19.058,16.461,29.000,8.000,-21.000,-0.186,-32.325,2.151,0.000,False,False,False,,,False
gare,FFM-STT-45,Nieder-Eschbach,district,06412000,12200,osm_townhall,8.671,50.199,11.267,9.802,60,66,70.000,10.000,,17.820,10.243,30.000,53.000,23.000,0.204,8.846,3.704,2.000,False,False,False,,,False
gare,06434009,Schmitten im Taunus,commune,,9323,osm_townhall,8.442,50.271,11.328,24.690,76,84,95.000,19.000,,21.383,8.092,31.000,80.000,49.000,0.434,38.138,3.928,3.000,False,False,False,2.000,,False
gare,FFM-STT-47,Frankfurter Berg,district,06412000,8252,osm_place,8.676,50.168,11.479,6.374,45,52,60.000,15.000,,18.752,13.244,32.000,22.000,-10.000,-0.088,-15.075,2.773,1.000,False,False,False,,,False
gare,FFM-STT-18,Schwanheim,district,06412000,20586,osm_place,8.584,50.085,11.628,7.621,66,73,81.000,15.000,,23.193,9.557,33.000,61.500,28.500,0.252,18.418,3.147,2.000,False,False,False,10.000,,False
gare,06436007,Hofheim am Taunus,commune,,39259,osm_townhall,8.448,50.085,11.686,17.046,53,59,67.000,14.000,,19.513,11.885,34.000,38.000,4.000,0.035,-4.545,3.024,1.000,False,False,False,,,False
gare,FFM-STT-19,Griesheim,district,06412000,23166,osm_place,8.608,50.091,11.873,5.757,43,50,58.000,15.000,,22.592,14.247,35.000,17.000,-18.000,-0.159,-19.773,2.213,1.000,False,False,False,,,False
gare,06434002,Friedrichsdorf,commune,,25871,osm_townhall,8.639,50.255,12.070,16.307,51,58,65.000,14.000,,21.090,12.487,36.000,35.500,-0.500,-0.004,-7.739,2.750,1.000,False,False,False,,,False
gare,FFM-STT-29,Eckenheim,district,06412000,14110,osm_place,8.680,50.152,12.116,4.546,54,61,69.000,15.000,,18.553,11.917,37.000,43.500,6.500,0.058,-3.157,3.288,3.000,False,False,False,,,False
gare,FFM-STT-27,Dornbusch,district,06412000,18803,osm_place,8.675,50.139,12.265,3.174,51,58,66.000,15.000,,19.273,12.688,38.000,35.500,-2.500,-0.022,-8.510,3.009,1.000,False,False,False,,,False
gare,FFM-STT-5,Westend-Nord,district,06412000,10179,osm_place,8.668,50.126,12.401,2.010,47,54,62.000,15.000,,21.570,13.779,39.000,26.000,-13.000,-0.115,-15.310,2.503,1.000,False,False,False,,,False
gare,FFM-STT-11,Gallus,district,06412000,44976,osm_place,8.643,50.104,12.445,2.921,32,39,47.000,15.000,,19.928,19.147,40.000,6.500,-33.500,-0.296,-38.949,1.957,0.000,False,False,False,,6.000,False
gare,06434007,Neu-Anspach,commune,,14342,osm_townhall,8.510,50.293,12.496,23.667,80,86,97.000,17.000,,23.255,8.718,41.000,84.500,43.500,0.385,34.339,3.698,2.000,False,False,False,4.000,,False
gare,06436005,Hattersheim am Main,commune,,28467,osm_townhall,8.483,50.070,12.503,14.988,74,80,86.000,12.000,,18.105,9.377,42.000,73.000,31.000,0.274,24.931,4.419,2.000,False,False,False,8.000,,False
gare,FFM-STT-30,Preungesheim,district,06412000,15784,osm_place,8.688,50.157,12.548,5.093,60,67,75.000,15.000,,19.108,11.237,43.000,54.500,11.500,0.102,4.433,3.506,2.000,False,False,False,,,False
gare,FFM-STT-44,Harheim,district,06412000,5254,osm_townhall,8.692,50.182,12.583,7.953,57,65,72.000,15.000,,21.617,11.615,44.000,50.500,6.500,0.058,1.166,3.007,1.000,False,False,False,,,False
gare,FFM-STT-4,Westend-Süd,district,06412000,19575,osm_place,8.662,50.115,12.712,1.522,44,51,59.000,15.000,,19.920,14.956,45.000,19.000,-26.000,-0.230,-21.048,2.560,0.000,False,False,False,,,False
gare,FFM-STT-32,Berkersheim,district,06412000,3866,osm_place,8.697,50.173,12.964,7.023,50,57,65.000,15.000,,21.822,13.646,46.000,32.500,-13.500,-0.119,-12.660,2.612,1.000,False,False,False,,,False
gare,FFM-STT-6,Nordend-West,district,06412000,32052,osm_place,8.678,50.125,13.107,1.594,48,55,63.000,15.000,,19.783,14.299,47.000,29.500,-17.500,-0.155,-16.210,2.780,1.000,False,False,False,,,False
gare,06433007,Kelsterbach,commune,,16622,osm_townhall,8.532,50.060,13.394,12.112,64,71,79.000,15.000,,23.773,11.318,48.000,58.500,10.500,0.093,6.948,2.987,1.000,False,False,False,,,False
gare,FFM-STT-3,Bahnhofsviertel,district,06412000,3907,osm_place,8.668,50.108,13.497,1.058,38,45,53.000,15.000,,19.637,17.996,49.000,10.000,-39.000,-0.345,-32.490,2.292,0.000,False,False,False,,3.000,False
gare,FFM-STT-10,Gutleutviertel,district,06412000,6900,osm_place,8.661,50.102,13.534,1.869,44,51,59.000,15.000,,20.410,15.922,50.000,19.000,-31.000,-0.274,-23.597,2.499,0.000,False,False,False,,7.000,False
gare,FFM-STT-17,Niederrad,district,06412000,30834,osm_place,8.643,50.088,13.670,3.794,55,62,70.000,15.000,,20.538,13.229,51.000,45.000,-6.000,-0.053,-7.603,3.019,1.000,False,False,False,,,False
gare,FFM-STT-42,Nieder-Erlenbach,district,06412000,4841,osm_townhall,8.709,50.203,14.006,10.462,66,74,80.000,14.000,,23.665,11.356,52.000,64.500,12.500,0.111,8.884,3.127,2.000,False,False,False,,,False
gare,FFM-STT-7,Nordend-Ost,district,06412000,22875,osm_place,8.692,50.125,14.021,1.714,47,54,62.000,15.000,,20.623,15.579,53.000,26.000,-27.000,-0.239,-20.589,2.618,1.000,False,False,False,,10.000,False
gare,FFM-STT-2,Innenstadt,district,06412000,6895,osm_place,8.684,50.115,14.031,0.417,40,47,55.000,15.000,,22.265,17.912,54.000,11.500,-42.500,-0.376,-30.908,2.111,0.000,False,False,False,,1.000,False
gare,FFM-STT-1,Altstadt,district,06412000,4212,osm_townhall,8.682,50.110,14.159,0.072,41,49,56.000,15.000,,22.163,17.337,55.000,15.000,-40.000,-0.354,-28.309,2.211,1.000,False,False,False,,2.000,False
gare,06434012,Wehrheim,commune,,9271,osm_townhall,8.570,50.303,14.188,22.869,77,85,92.000,15.000,,20.337,10.015,56.000,82.000,26.000,0.230,24.228,4.180,2.000,False,False,False,,,False
gare,06439011,Niedernhausen,commune,,14345,osm_townhall,8.317,50.162,14.360,26.712,72,76,83.000,11.000,,28.727,11.337,57.000,68.000,11.000,0.097,10.375,2.646,1.000,False,False,False,,,False
gare,FFM-STT-13,Sachsenhausen-Nord,district,06412000,32568,representative_point,8.675,50.099,14.542,1.478,48,55,63.000,15.000,,22.303,15.864,58.000,29.500,-28.500,-0.252,-20.651,2.466,1.000,False,False,False,,9.000,False
gare,FFM-STT-9,Bornheim,district,06412000,30897,osm_place,8.711,50.130,14.996,2.908,50,57,65.000,15.000,,23.567,15.785,59.000,32.500,-26.500,-0.235,-19.079,2.419,1.000,False,False,False,,,False
gare,FFM-STT-8,Ostend,district,06412000,31635,osm_place,8.700,50.112,15.162,1.265,45,52,60.000,15.000,,24.505,17.494,60.000,22.000,-38.000,-0.336,-26.601,2.122,0.000,False,False,False,,4.000,False
gare,FFM-STT-34,Seckbach,district,06412000,10569,osm_place,8.726,50.143,15.540,4.771,56,63,71.000,15.000,,27.340,14.800,61.000,46.000,-15.000,-0.133,-12.215,2.304,2.000,False,False,False,,,False
gare,06440003,Bad Vilbel,commune,,35961,osm_townhall,8.745,50.183,16.316,9.211,52,59,67.000,15.000,,22.493,16.593,62.000,38.000,-24.000,-0.212,-19.862,2.623,2.000,False,False,False,,,False
gare,06439016,Waldems,commune,,5288,osm_townhall,8.313,50.250,16.454,30.608,64,79,95.000,31.000,,24.558,12.497,63.000,71.000,8.000,0.071,6.831,3.217,1.000,False,False,False,,,False
gare,FFM-STT-33,Riederwald,district,06412000,4899,osm_place,8.733,50.129,16.533,4.139,52,59,67.000,15.000,,24.413,16.813,64.000,38.000,-26.000,-0.230,-20.414,2.417,1.000,False,False,False,,,False
gare,06434011,Usingen,commune,,15683,osm_townhall,8.537,50.334,17.145,26.913,87,93,101.000,14.000,,25.043,11.061,65.000,94.500,29.500,0.261,23.079,3.714,2.000,False,False,False,,,False
gare,FFM-STT-14,Sachsenhausen-Süd (inkl. Flughafen),district,06412000,30063,representative_point,8.685,50.071,17.173,4.455,57,64,72.000,15.000,,27.145,16.099,66.000,47.500,-18.500,-0.164,-15.371,2.358,1.000,False,False,False,,,False
gare,FFM-STT-16,Oberrad,district,06412000,13755,osm_place,8.723,50.100,17.291,3.150,54,61,69.000,15.000,,25.712,17.008,67.000,43.500,-23.500,-0.208,-19.629,2.372,1.000,False,False,False,,,False
gare,FFM-STT-46,Bergen-Enkheim,district,06412000,18126,osm_place,8.756,50.154,17.364,7.060,68,75,83.000,15.000,,27.145,13.891,68.000,66.500,-1.500,-0.013,-1.401,2.763,2.000,False,False,False,,,False
gare,06440023,Rosbach v.d.Höhe,commune,,13084,osm_townhall,8.688,50.299,18.008,20.948,80,91,108.000,28.000,,21.863,11.874,69.000,90.500,21.500,0.190,17.371,4.162,2.000,False,False,False,,,False
gare,06439008,Idstein,commune,,25736,osm_townhall,8.269,50.221,18.194,31.965,69,81,89.000,20.000,,30.812,13.477,70.000,75.000,5.000,0.044,3.914,2.629,2.000,False,False,False,,,False
gare,06440012,Karben,commune,,22600,osm_townhall,8.763,50.233,18.556,14.776,64,71,79.000,15.000,,27.497,15.681,71.000,58.500,-12.500,-0.111,-9.852,2.582,1.000,False,False,False,,,False
gare,06438009,Neu-Isenburg,commune,,37926,osm_townhall,8.695,50.055,18.926,6.286,58,65,73.000,15.000,,27.377,17.470,72.000,50.500,-21.500,-0.190,-18.319,2.374,2.000,False,False,False,,,False
gare,FFM-STT-35,Fechenheim,district,06412000,17155,osm_townhall,8.769,50.124,19.146,6.405,65,73,80.000,15.000,,28.385,15.737,73.000,61.500,-11.500,-0.102,-8.821,2.572,1.000,False,False,False,,,False
gare,06413000,Offenbach am Main,commune,,132746,osm_townhall,8.761,50.106,19.381,5.663,60,67,75.000,15.000,,25.718,17.356,74.000,54.500,-19.500,-0.173,-16.848,2.605,1.000,False,False,False,,,False
gare,06436004,Flörsheim am Main,commune,,21344,osm_townhall,8.431,50.015,19.438,20.969,85,93,101.000,16.000,,28.778,12.540,75.000,94.500,19.500,0.173,15.244,3.232,2.000,False,False,False,,,False
gare,06433010,Raunheim,commune,,15297,osm_townhall,8.450,50.009,19.688,20.155,71,78,86.000,15.000,,30.007,15.144,76.000,69.500,-6.500,-0.058,-3.989,2.599,1.000,False,False,False,,,False
gare,06435022,Niederdorfelden,commune,,4215,osm_townhall,8.804,50.195,20.647,12.769,75,83,90.000,15.000,,28.807,14.925,77.000,78.500,1.500,0.013,-0.350,2.881,2.000,False,False,False,,,False
gare,06434013,Weilrod,commune,,6856,osm_townhall,8.383,50.346,20.682,33.740,105,116,135.000,30.000,,34.680,10.698,78.000,107.500,29.500,0.261,39.144,3.345,3.000,False,False,False,,,False
gare,06440025,Wöllstadt,commune,,6593,osm_townhall,8.769,50.277,20.987,19.486,78,85,93.000,15.000,,28.763,14.815,79.000,82.000,3.000,0.027,1.180,2.955,1.000,False,False,False,,,False
gare,06533003,Bad Camberg,commune,,14268,osm_townhall,8.272,50.297,21.755,35.915,103,111,129.000,26.000,,34.218,11.759,80.000,103.000,23.000,0.204,29.664,3.244,1.000,False,False,False,,,False
gare,06433012,Rüsselsheim am Main,commune,,65627,osm_townhall,8.411,49.995,21.923,23.292,73,80,88.000,15.000,,30.412,16.442,81.000,73.000,-8.000,-0.071,-6.924,2.631,1.000,False,False,False,,,False
gare,06438002,Dreieich,commune,,41692,osm_townhall,8.696,50.018,22.160,10.337,83,91,98.000,15.000,,29.602,14.611,82.000,90.500,8.500,0.075,5.279,3.074,2.000,False,False,False,,,False
gare,06436006,Hochheim am Main,commune,,18422,osm_townhall,8.351,50.010,22.363,26.276,85,92,100.000,15.000,,33.048,14.585,83.000,92.500,9.500,0.084,5.927,2.784,2.000,False,False,False,,,False
gare,06414000,Wiesbaden,commune,,288850,osm_townhall,8.241,50.082,22.515,31.747,77,83,91.000,14.000,,31.932,16.276,84.000,78.500,-5.500,-0.049,-4.773,2.599,2.000,False,False,False,,,False
gare,06435019,Maintal,commune,,38987,osm_townhall,8.831,50.152,22.706,11.530,80,87,95.000,15.000,,31.730,15.659,85.000,86.500,1.500,0.013,-0.625,2.742,1.000,False,False,False,,,False
gare,06433008,Mörfelden-Walldorf,commune,,31638,osm_townhall,8.568,49.975,23.115,17.180,66,73,81.000,15.000,,24.518,18.998,86.000,61.500,-24.500,-0.217,-17.392,2.977,1.000,False,False,False,,,False
gare,06440017,Niddatal,commune,,9861,osm_townhall,8.803,50.280,23.239,20.661,103,114,129.000,26.000,,29.847,12.231,87.000,105.000,18.000,0.159,28.643,3.820,2.000,False,False,False,,,False
gare,06434004,Grävenwiesbach,commune,,5376,osm_townhall,8.403,50.380,23.572,35.915,117,128,145.000,28.000,,36.562,11.050,88.000,109.000,21.000,0.186,43.366,3.501,3.000,False,False,False,,,False
gare,06438008,Mühlheim am Main,commune,,29194,osm_townhall,8.833,50.120,23.606,10.785,67,74,82.000,15.000,,34.777,19.140,89.000,64.500,-24.500,-0.217,-17.179,2.128,1.000,False,False,False,,,False
gare,06438006,Langen (Hessen),commune,,38785,osm_townhall,8.667,49.987,24.028,13.784,66,73,81.000,15.000,,29.405,19.749,90.000,61.500,-28.500,-0.252,-19.053,2.483,2.000,False,False,False,,8.000,False
gare,06433002,Bischofsheim,commune,,12979,osm_townhall,8.359,49.990,24.036,26.835,79,86,94.000,15.000,,33.095,16.769,91.000,84.500,-6.500,-0.058,-4.654,2.599,1.000,False,False,False,,,False
gare,06440008,Friedberg (Hessen),commune,,30409,osm_townhall,8.756,50.333,24.067,25.226,74,80,88.000,14.000,,28.613,18.050,92.000,73.000,-19.000,-0.168,-11.366,2.796,1.000,False,False,False,,,False
gare,06439007,Hünstetten,commune,,10380,osm_townhall,8.196,50.250,24.150,38.054,120,131,149.000,29.000,,39.172,11.061,93.000,111.000,18.000,0.159,44.875,3.344,2.000,False,False,False,,,False
gare,06435026,Schöneck,commune,,11837,osm_townhall,8.855,50.202,24.321,15.944,96,109,121.000,25.000,,32.678,13.388,94.000,100.500,6.500,0.058,20.100,3.336,1.000,False,False,False,,,False
gare,06438005,Heusenstamm,commune,,19312,osm_townhall,8.808,50.063,24.636,10.460,78,85,96.000,18.000,,32.223,17.390,95.000,82.000,-13.000,-0.115,-6.972,2.638,2.000,False,False,False,,,False
gare,06440018,Ober-Mörlen,commune,,5706,osm_townhall,8.693,50.376,25.112,29.452,100,115,127.000,27.000,,26.670,13.102,96.000,106.000,10.000,0.088,24.603,4.312,2.000,False,False,False,,,False
gare,06439015,Taunusstein,commune,,30145,osm_townhall,8.161,50.143,25.737,37.490,101,109,116.000,15.000,,44.392,14.167,97.000,100.500,3.500,0.031,16.590,2.455,2.000,False,False,False,,,False
gare,06440002,Bad Nauheim,commune,,32894,osm_townhall,8.736,50.365,25.840,28.556,86,92,100.000,14.000,,32.662,16.852,98.000,92.500,-5.500,-0.049,-1.799,2.817,1.000,False,False,False,,,False
gare,06435021,Nidderau,commune,,20119,osm_townhall,8.875,50.228,26.143,18.930,81,89,96.000,15.000,,37.258,17.625,99.000,88.000,-11.000,-0.097,-5.580,2.389,2.000,False,False,False,,,False
gare,06438001,Dietzenbach,commune,,35561,osm_townhall,8.783,50.019,26.191,12.485,80,87,96.000,16.000,,33.217,18.063,100.000,86.500,-13.500,-0.119,-7.790,2.619,2.000,False,False,False,,,False
gare,06438003,Egelsbach,commune,,10960,osm_townhall,8.664,49.965,26.225,16.304,82,90,98.000,16.000,,30.570,17.483,101.000,89.000,-12.000,-0.106,-4.676,2.944,2.000,False,False,False,,,False
gare,07315000,Mainz,commune,,224684,osm_townhall,8.268,50.003,26.568,32.025,75,82,90.000,15.000,,34.648,19.440,102.000,76.500,-25.500,-0.226,-13.739,2.367,2.000,False,False,False,,,False
gare,06433009,Nauheim,commune,,10496,osm_townhall,8.455,49.945,26.601,24.661,106,113,121.000,15.000,,33.512,14.124,103.000,104.000,1.000,0.009,18.796,3.372,2.000,False,False,False,,,False
gare,06438010,Obertshausen,commune,,25316,osm_townhall,8.847,50.069,26.660,12.621,88,96,106.000,18.000,,30.023,16.663,104.000,96.000,-8.000,-0.071,0.805,3.198,3.000,False,False,False,,,False
gare,06533014,Selters (Taunus),commune,,8158,osm_townhall,8.227,50.333,26.763,40.882,105,116,134.000,29.000,,40.595,13.843,105.000,107.500,2.500,0.022,21.561,2.857,1.000,False,False,False,,,False
gare,06433005,Ginsheim-Gustavsburg,commune,,16488,osm_townhall,8.346,49.965,26.905,29.063,94,101,109.000,15.000,,35.782,15.983,106.000,97.000,-9.000,-0.080,5.549,2.823,2.000,False,False,False,,,False
gare,06432006,Erzhausen,commune,,7794,osm_townhall,8.634,49.950,26.991,18.219,102,110,117.000,15.000,,35.947,14.722,107.000,102.000,-5.000,-0.044,14.762,3.060,2.000,False,False,False,,,False
gare,06532022,Waldsolms,commune,,4660,osm_townhall,8.496,50.435,28.326,38.395,118,129,147.000,29.000,,40.648,13.175,108.000,110.000,2.000,0.018,31.223,3.174,2.000,False,False,False,,,False
gare,06435006,Bruchköbel,commune,,20509,osm_townhall,8.919,50.179,28.742,18.494,97,104,112.000,15.000,,39.395,16.582,109.000,98.000,-11.000,-0.097,4.987,2.640,2.000,False,False,False,,,False
gare,06435014,Hanau,commune,,97956,osm_townhall,8.917,50.133,29.126,16.964,75,82,90.000,15.000,,38.623,21.312,110.000,76.500,-33.500,-0.296,-17.796,2.123,2.000,False,False,False,,5.000,False
gare,06433014,Trebur,commune,,12799,osm_townhall,8.405,49.925,29.476,28.649,100,107,115.000,15.000,,35.475,16.529,111.000,99.000,-12.000,-0.106,6.596,3.016,2.000,False,False,False,,,False
gare,06439006,Hohenstein,commune,,5829,osm_townhall,8.100,50.194,29.736,42.609,144,153,165.000,21.000,,51.372,11.661,112.000,113.000,1.000,0.009,51.723,2.978,3.000,False,False,False,,,False
gare,06533018,Weilmünster,commune,,8674,osm_townhall,8.372,50.432,29.771,41.988,138,149,172.000,34.000,,42.973,11.988,113.000,112.000,-1.000,-0.009,47.667,3.467,3.000,False,False,False,,,False
