date,weekday,trips,is_school_holiday,is_public_holiday,is_reference_day,window_trip_departures,window_stop_departures
2026-10-03,Saturday,22357,False,True,False,1285,22369
2026-10-04,Sunday,21925,False,False,False,1276,22329
2026-10-05,Monday,42959,True,False,False,3946,74994
2026-10-06,Tuesday,43008,True,False,False,3948,74998
2026-10-07,Wednesday,43038,True,False,False,3947,74954
2026-10-08,Thursday,43070,True,False,False,3947,74994
2026-10-09,Friday,43677,True,False,False,3960,74632
2026-10-10,Saturday,31126,True,False,False,2238,39937
2026-10-11,Sunday,22480,True,False,False,1308,22460
2026-10-12,Monday,42370,True,False,False,3903,75216
2026-10-13,Tuesday,42356,True,False,False,3905,75220
2026-10-14,Wednesday,42488,True,False,False,3904,75219
2026-10-15,Thursday,42538,True,False,False,3904,75216
2026-10-16,Friday,43139,True,False,False,3924,75348
2026-10-17,Saturday,30331,True,False,False,2204,39985
2026-10-18,Sunday,21940,False,False,False,1277,22359
2026-10-19,Monday,45854,False,False,True,4494,84145
2026-10-20,Tuesday,45876,False,False,True,4495,84147
2026-10-21,Wednesday,45855,False,False,True,4494,84146
2026-10-22,Thursday,45846,False,False,True,4495,84145
2026-10-23,Friday,46271,False,False,True,4495,84149
2026-10-24,Saturday,30180,False,False,False,2186,39820
2026-10-25,Sunday,21811,False,False,False,1273,22301
2026-10-26,Monday,45857,False,False,True,4483,84114
2026-10-27,Tuesday,45721,False,False,True,4482,84112
2026-10-28,Wednesday,45785,False,False,True,4488,84162
2026-10-29,Thursday,45825,False,False,True,4489,84162
2026-10-30,Friday,46359,False,False,True,4507,84301
2026-10-31,Saturday,30186,False,False,False,2187,39860
2026-11-01,Sunday,21737,False,False,False,1272,22319
2026-11-02,Monday,45715,False,False,True,4467,83969
