code,name,country,radius_km,rail_stations_catchment,rail_lines_catchment,rail_departures_catchment,bus_departures_catchment,similarity_score,rank
92033,Garches,FR,1.5,1,1,17,451,,
06434006,Kronberg im Taunus,DE,1.5,1,1,3,239,0.4896,3
06434008,Oberursel (Taunus),DE,1.5,6,3,75,321,0.89,5
06436001,Bad Soden am Taunus,DE,1.5,2,1,9,247,0.2494,1
06434001,Bad Homburg v.d.Höhe,DE,1.5,1,2,14,840,0.5468,4
06440003,Bad Vilbel,DE,1.5,2,7,32,289,0.9011,6
06436003,Eschborn,DE,1.5,2,2,24,375,0.398,2
92033,Garches,FR,2.0,1,1,17,919,,
06434006,Kronberg im Taunus,DE,2.0,2,1,9,307,0.2149,1
06434008,Oberursel (Taunus),DE,2.0,7,3,89,438,0.9328,6
06436001,Bad Soden am Taunus,DE,2.0,2,1,9,338,0.2494,2
06434001,Bad Homburg v.d.Höhe,DE,2.0,1,2,14,1030,0.5468,4
06440003,Bad Vilbel,DE,2.0,2,7,32,360,0.9011,5
06436003,Eschborn,DE,2.0,2,2,24,436,0.398,3
92033,Garches,FR,2.5,4,3,115,1557,,
06434006,Kronberg im Taunus,DE,2.5,2,1,9,405,0.9675,6
06434008,Oberursel (Taunus),DE,2.5,10,3,125,564,0.2651,1
06436001,Bad Soden am Taunus,DE,2.5,3,1,16,514,0.8582,4
06434001,Bad Homburg v.d.Höhe,DE,2.5,1,2,14,1171,0.9528,5
06440003,Bad Vilbel,DE,2.5,2,7,32,417,0.7881,3
06436003,Eschborn,DE,2.5,3,2,36,735,0.5303,2
