kind,from_id,from_name,to_id,to_name,dist_km,t_p50,car_time,car_time_peak,v_eff_kmh
nah_fern,95316,Jagny-sous-Bois,95365,Mareil-en-France,1.51,123.00,3.95,6.24,0.74
nah_fern,95331,Lassy,95316,Jagny-sous-Bois,2.12,138.00,3.08,4.87,0.92
nah_fern,95493,Le Plessis-Luzarches,95316,Jagny-sous-Bois,2.13,138.00,3.94,6.23,0.93
nah_fern,95365,Mareil-en-France,95214,Épinay-Champlâtreux,2.28,137.00,5.44,8.58,1.00
nah_fern,95316,Jagny-sous-Bois,95144,Châtenay-en-France,1.62,95.00,4.57,7.22,1.02
nah_fern,95214,Épinay-Champlâtreux,95316,Jagny-sous-Bois,2.40,138.00,9.29,14.67,1.04
nah_fern,77114,Chevry-Cossigny,77180,Férolles-Attilly,2.25,127.00,3.83,6.04,1.06
nah_fern,95352,Luzarches,95331,Lassy,2.46,138.00,5.11,8.07,1.07
nah_fern,95395,Le Mesnil-Aubry,95682,Villiers-le-Sec,2.51,140.00,5.78,9.12,1.08
nah_fern,95214,Épinay-Champlâtreux,95682,Villiers-le-Sec,2.50,137.00,5.38,8.50,1.10
nah_fern,95214,Épinay-Champlâtreux,95331,Lassy,2.53,138.00,6.51,10.28,1.10
nah_fern,95492,Le Plessis-Gassot,95205,Écouen,2.96,161.00,6.67,10.52,1.10
nah_fern,77180,Férolles-Attilly,77249,Lésigny,1.64,85.00,3.93,6.21,1.16
nah_fern,95395,Le Mesnil-Aubry,95229,Ézanville,3.46,177.00,9.34,14.75,1.17
nah_fern,95365,Mareil-en-France,95682,Villiers-le-Sec,2.74,136.00,4.74,7.48,1.21
nah_fern,95055,Bellefontaine,95316,Jagny-sous-Bois,2.77,137.00,5.16,8.14,1.21
nah_fern,77450,Servon,77180,Férolles-Attilly,3.47,171.00,8.40,13.27,1.22
nah_fern,95352,Luzarches,95493,Le Plessis-Luzarches,2.96,138.00,5.88,9.28,1.29
nah_fern,95214,Épinay-Champlâtreux,95493,Le Plessis-Luzarches,3.01,138.00,7.28,11.49,1.31
nah_fern,95395,Le Mesnil-Aubry,95205,Écouen,3.92,178.00,6.79,10.72,1.32
nah_fern,95492,Le Plessis-Gassot,95229,Ézanville,3.65,164.00,9.21,14.55,1.34
nah_fern,95492,Le Plessis-Gassot,95680,Villiers-le-Bel,3.39,151.00,7.44,11.74,1.35
nah_fern,77155,Dampmart,77307,Montévrain,1.33,57.00,15.27,24.11,1.40
nah_fern,95395,Le Mesnil-Aubry,95365,Mareil-en-France,2.89,122.00,7.80,12.32,1.42
nah_fern,95061,Béthemont-la-Forêt,95678,Villiers-Adam,1.78,73.00,3.91,6.18,1.46
fern_nah,78358,Maisons-Laffitte,77258,Lognes,37.69,60.00,51.04,90.06,37.69
fern_nah,78551,Saint-Germain-en-Laye,77258,Lognes,40.07,67.00,55.46,98.58,35.88
fern_nah,78586,Sartrouville,77258,Lognes,36.58,64.00,48.45,85.97,34.29
fern_nah,78672,Villennes-sur-Seine,77258,Lognes,47.79,84.00,58.87,106.12,34.14
fern_nah,78311,Houilles,77258,Lognes,34.02,60.00,45.32,81.03,34.02
fern_nah,78358,Maisons-Laffitte,94046,Maisons-Alfort,26.45,47.00,48.39,84.90,33.77
fern_nah,78146,Chatou,77258,Lognes,35.30,65.00,46.24,84.02,32.58
fern_nah,94079,Villiers-sur-Marne,78358,Maisons-Laffitte,31.96,59.00,47.14,82.12,32.50
fern_nah,78498,Poissy,77258,Lognes,44.35,82.00,57.49,103.75,32.45
fern_nah,78358,Maisons-Laffitte,94042,Joinville-le-Pont,27.56,51.00,44.80,78.53,32.43
fern_nah,78650,Le Vésinet,77258,Lognes,37.03,69.00,48.97,88.33,32.20
fern_nah,78643,Vernouillet,77258,Lognes,49.84,93.00,64.48,114.98,32.16
fern_nah,92062,Puteaux,77258,Lognes,29.36,55.00,43.39,76.00,32.03
fern_nah,91228,Évry-Courcouronnes,78358,Maisons-Laffitte,41.50,78.00,62.48,108.17,31.92
fern_nah,91114,Brunoy,78358,Maisons-Laffitte,38.20,72.00,65.09,113.17,31.83
fern_nah,78672,Villennes-sur-Seine,75108,Paris 8e Arrondissement,24.37,46.00,33.30,56.75,31.79
fern_nah,78005,Achères,77258,Lognes,43.41,82.00,59.07,104.94,31.76
fern_nah,78358,Maisons-Laffitte,94068,Saint-Maur-des-Fossés,29.63,56.00,50.01,86.23,31.74
fern_nah,92073,Suresnes,77258,Lognes,30.10,57.00,45.49,76.08,31.68
fern_nah,77169,Émerainville,78358,Maisons-Laffitte,38.01,72.00,52.96,93.17,31.67
fern_nah,78358,Maisons-Laffitte,94080,Vincennes,24.24,46.00,43.92,75.88,31.61
fern_nah,77258,Lognes,95450,Neuville-sur-Oise,46.05,88.00,53.88,96.53,31.40
fern_nah,78358,Maisons-Laffitte,94002,Alfortville,25.56,49.00,49.87,87.23,31.30
fern_nah,77464,Thorigny-sur-Marne,75110,Paris 10e Arrondissement,26.01,50.00,42.83,73.13,31.21
fern_nah,78190,Croissy-sur-Seine,77258,Lognes,35.86,69.00,50.40,90.59,31.18
