unit_id,name,population,n_reached,n_unreached,t_p50_median,v_eff_median_kmh,v_eff_popweighted_kmh,spearman_dist_time,ratio_tc_car_median,n_dead_zones
95151,Chauvry,297,1,415,19.000,3.490,3.490,,6.213,31
95395,Le Mesnil-Aubry,914,60,356,164.500,3.252,4.845,0.605,10.850,32
95492,Le Plessis-Gassot,102,133,283,167.000,4.984,6.100,0.644,7.143,29
95214,Épinay-Champlâtreux,57,79,337,164.000,4.617,7.331,0.822,8.785,25
95061,Béthemont-la-Forêt,435,194,222,160.000,6.840,7.460,0.729,5.791,29
92020,Châtillon,36705,400,16,89.500,12.718,11.400,0.881,2.649,2
95094,Bouqueval,314,394,22,123.000,12.039,11.415,0.872,3.235,27
92060,Le Plessis-Robinson,28848,400,16,95.500,12.377,11.524,0.872,2.701,6
77180,Férolles-Attilly,1248,351,65,148.000,11.006,11.585,0.641,3.541,15
92023,Clamart,58576,400,16,91.500,12.715,11.631,0.892,2.462,9
94081,Vitry-sur-Seine,93963,400,16,89.000,12.902,11.683,0.866,3.017,7
92032,Fontenay-aux-Roses,24070,400,16,90.000,12.819,11.697,0.867,2.490,5
94069,Saint-Maurice,14506,401,15,85.000,13.272,11.872,0.852,2.902,2
93061,Le Pré-Saint-Gervais,16993,403,13,79.000,13.942,11.883,0.886,2.500,0
95316,Jagny-sous-Bois,269,354,62,144.000,11.684,11.982,0.744,3.585,21
92075,Vanves,28622,402,14,82.500,13.587,12.078,0.908,2.436,1
91319,Janvry,654,329,87,145.000,11.976,12.263,0.789,3.281,12
78406,Milon-la-Chapelle,295,341,75,141.000,12.063,12.288,0.879,3.046,12
91635,Vauhallan,1945,399,17,109.000,12.636,12.308,0.905,3.050,12
92007,Bagneux,44572,402,14,83.000,13.378,12.330,0.860,2.318,1
92071,Sceaux,20884,401,15,88.000,13.169,12.392,0.844,2.542,5
92048,Meudon,46334,400,16,88.000,13.676,12.406,0.905,2.421,4
91689,Wissous,7151,400,16,97.000,13.221,12.434,0.867,2.825,12
93063,Romainville,37152,402,14,82.000,13.650,12.492,0.842,2.623,2
94076,Villejuif,60183,401,15,83.000,13.551,12.518,0.849,2.647,5
92019,Châtenay-Malabry,35825,400,16,90.000,13.089,12.565,0.859,2.683,6
95088,Bonneuil-en-France,1185,399,17,99.000,13.376,12.583,0.839,2.859,7
92004,Asnières-sur-Seine,93941,402,14,81.000,14.114,12.587,0.869,2.402,1
91645,Verrières-le-Buisson,15057,400,16,93.000,13.182,12.636,0.887,2.776,4
93006,Bagnolet,43086,403,13,77.000,14.477,12.687,0.865,2.438,0
92046,Malakoff,30557,402,14,78.000,14.045,12.746,0.894,2.447,0
94016,Cachan,31103,402,14,79.000,14.166,12.764,0.841,2.487,2
94065,Rungis,5611,400,16,90.000,13.472,12.805,0.865,3.046,4
95493,Le Plessis-Luzarches,152,353,63,145.000,12.496,12.808,0.728,3.266,19
94037,Gentilly,19963,402,14,72.500,15.071,12.863,0.884,2.605,0
94043,Le Kremlin-Bicêtre,24110,402,14,75.000,14.682,12.878,0.879,2.689,0
94073,Thiais,32918,401,15,86.000,13.770,12.903,0.864,3.029,4
94048,Marolles-en-Brie,4781,398,18,118.500,12.720,12.921,0.749,3.099,15
93010,Bondy,50595,401,15,87.000,13.424,12.930,0.818,2.847,3
92047,Marnes-la-Coquette,1752,400,16,94.000,13.795,12.936,0.827,2.598,7
94038,L'Haÿ-les-Roses,31188,402,14,82.000,13.820,12.947,0.864,2.624,1
95445,Nerville-la-Forêt,756,373,43,141.000,12.681,12.950,0.756,3.190,21
77249,Lésigny,6923,394,22,129.000,12.608,12.970,0.752,3.241,16
93057,Les Pavillons-sous-Bois,25804,401,15,91.000,13.422,12.982,0.808,2.949,6
95014,Andilly,2742,399,17,105.000,13.183,12.989,0.820,2.564,15
93008,Bobigny,56927,401,15,84.000,13.863,12.989,0.861,2.861,1
95489,Piscop,768,400,16,106.000,13.342,12.995,0.806,2.731,25
93015,Coubron,5175,400,16,109.000,13.480,13.012,0.806,2.992,4
95633,Vaudherland,104,399,17,110.000,13.307,13.017,0.827,3.261,15
93014,Clichy-sous-Bois,29354,401,15,100.000,13.508,13.024,0.809,2.962,3
95331,Lassy,196,363,53,144.000,12.736,13.027,0.739,3.254,18
91432,Morangis,14129,399,17,101.000,13.700,13.039,0.899,3.069,14
95365,Mareil-en-France,734,388,28,131.000,13.000,13.044,0.834,3.173,20
94034,Fresnes,29528,400,16,86.000,13.765,13.084,0.872,2.904,4
93053,Noisy-le-Sec,45510,401,15,81.000,14.181,13.100,0.818,2.595,2
78561,Saint-Lambert,447,353,63,140.000,12.966,13.152,0.869,3.138,11
94058,Le Perreux-sur-Marne,35260,401,15,89.000,13.814,13.187,0.784,2.831,8
94055,Ormesson-sur-Marne,10977,401,15,103.000,13.078,13.188,0.734,2.955,6
95426,Montlignon,3038,400,16,105.500,13.217,13.206,0.819,2.576,14
93077,Villemomble,29795,401,15,90.000,13.768,13.210,0.762,2.940,3
92036,Gennevilliers,50979,402,14,81.000,14.285,13.212,0.844,2.629,1
92026,Courbevoie,82902,402,14,77.000,14.376,13.244,0.855,2.565,1
93001,Aubervilliers,88365,404,12,77.000,14.894,13.249,0.887,2.414,0
93046,Livry-Gargan,47228,401,15,98.000,13.745,13.255,0.818,2.962,4
94019,Chennevières-sur-Marne,18710,401,15,100.000,13.371,13.275,0.715,2.913,6
94041,Ivry-sur-Seine,65064,402,14,74.000,15.201,13.313,0.847,2.501,0
75119,Paris 19e Arrondissement,178691,404,12,70.500,15.510,13.319,0.894,2.047,0
92072,Sèvres,22303,400,16,85.000,14.222,13.325,0.896,2.495,3
95144,Châtenay-en-France,68,389,27,129.000,13.402,13.329,0.853,3.059,17
91587,Saulx-les-Chartreux,6733,399,17,108.000,13.813,13.338,0.898,2.856,12
93029,Drancy,72390,401,15,82.000,14.575,13.338,0.843,2.722,3
92035,La Garenne-Colombes,30197,402,14,80.000,14.385,13.347,0.850,2.518,2
94053,Noiseau,4628,400,16,107.000,13.159,13.352,0.730,2.859,7
92009,Bois-Colombes,28909,402,14,80.000,14.613,13.371,0.868,2.359,0
94018,Charenton-le-Pont,28830,401,15,76.000,14.687,13.391,0.854,2.526,0
94052,Nogent-sur-Marne,32455,401,15,85.000,13.929,13.404,0.799,2.755,3
92051,Neuilly-sur-Seine,59538,402,14,75.000,14.959,13.413,0.873,2.362,0
92012,Boulogne-Billancourt,119019,402,14,81.000,14.560,13.419,0.901,2.532,1
94028,Créteil,93397,401,15,87.000,13.551,13.444,0.824,2.875,2
92025,Colombes,91053,400,16,81.000,14.364,13.478,0.874,2.502,0
94003,Arcueil,22200,402,14,73.000,15.108,13.528,0.857,2.325,0
75115,Paris 15e Arrondissement,229713,402,14,72.000,15.385,13.532,0.914,2.042,0
91312,Igny,10833,400,16,95.000,13.981,13.551,0.911,2.740,3
77139,Courtry,7330,400,16,112.500,13.876,13.556,0.813,2.934,8
78502,Le Port-Marly,5559,400,16,105.000,13.509,13.557,0.826,2.808,6
91534,Saclay,4437,399,17,107.000,13.746,13.564,0.918,2.899,5
91064,Bièvres,4686,400,16,94.000,14.034,13.567,0.927,2.687,2
94074,Valenton,14406,401,15,96.000,13.076,13.576,0.779,2.856,4
93045,Les Lilas,23843,404,12,74.000,15.081,13.581,0.866,2.343,0
75100,Paris Centre,94472,404,12,68.000,15.691,13.582,0.889,1.975,0
91161,Chilly-Mazarin,20443,400,16,99.000,14.303,13.607,0.906,3.043,6
92044,Levallois-Perret,68092,402,14,73.000,15.028,13.648,0.867,2.329,0
92077,Ville-d'Avray,11089,400,16,87.000,14.561,13.686,0.844,2.479,2
94070,Santeny,3913,397,19,120.000,13.366,13.689,0.733,3.050,12
95369,Margency,3012,400,16,100.000,13.689,13.704,0.816,2.570,10
93031,Épinay-sur-Seine,52833,402,14,82.000,14.824,13.716,0.865,2.541,4
94067,Saint-Mandé,21071,403,13,71.000,15.607,13.718,0.843,2.375,0
91479,Paray-Vieille-Poste,8202,399,17,97.000,14.091,13.722,0.878,3.079,6
75114,Paris 14e Arrondissement,136455,404,12,68.000,15.955,13.732,0.910,2.027,0
94011,Bonneuil-sur-Marne,18270,401,15,90.000,13.875,13.734,0.807,2.845,6
75120,Paris 20e Arrondissement,185140,404,12,71.000,15.552,13.734,0.876,2.140,0
78092,Bougival,9134,400,16,97.000,13.953,13.735,0.802,2.729,3
94033,Fontenay-sous-Bois,53757,401,15,79.000,14.771,13.743,0.801,2.482,3
93030,Dugny,11700,401,15,84.000,14.627,13.772,0.838,2.703,4
94044,Limeil-Brévannes,27406,401,15,95.000,13.476,13.805,0.800,2.917,2
92033,Garches,17743,401,15,86.000,14.593,13.806,0.818,2.419,2
75105,Paris 5e Arrondissement,55252,404,12,65.000,16.526,13.826,0.900,1.951,0
75107,Paris 7e Arrondissement,48015,404,12,67.000,15.840,13.847,0.902,1.978,0
78640,Vélizy-Villacoublay,23011,400,16,91.000,14.504,13.924,0.908,2.552,2
94015,Bry-sur-Marne,18503,401,15,88.000,14.562,13.928,0.760,2.813,9
91679,Villiers-le-Bâcle,1031,398,18,114.500,14.110,13.934,0.920,2.910,12
77517,Villevaudé,2132,397,19,124.000,14.293,13.936,0.802,3.096,14
77450,Servon,3565,396,20,123.000,13.505,13.938,0.738,3.057,13
93072,Stains,41388,401,15,82.000,15.264,13.939,0.854,2.537,1
94077,Villeneuve-le-Roi,21000,399,17,89.000,14.331,13.945,0.819,2.847,6
78518,Rennemoulin,116,397,19,119.000,13.944,13.961,0.874,2.859,8
93047,Montfermeil,28703,402,14,100.000,14.285,13.981,0.794,2.714,4
93049,Neuilly-Plaisance,21941,401,15,84.000,14.741,13.993,0.795,2.659,1
94021,Chevilly-Larue,19826,402,14,80.000,14.632,14.002,0.856,2.606,2
93032,Gagny,42313,401,15,92.000,14.256,14.012,0.717,2.837,6
92024,Clichy,64410,403,13,72.000,15.409,14.012,0.868,2.283,0
77363,Le Pin,1530,400,16,114.000,14.281,14.067,0.812,2.974,12
75117,Paris 17e Arrondissement,159212,404,12,69.000,15.726,14.072,0.888,2.065,0
75118,Paris 18e Arrondissement,183127,404,12,68.000,15.926,14.093,0.903,2.086,0
93048,Montreuil,111934,403,13,74.000,15.333,14.105,0.824,2.228,0
91345,Longjumeau,21996,400,16,100.000,14.829,14.120,0.913,2.972,1
92049,Montrouge,46324,404,12,70.000,15.556,14.128,0.888,2.327,0
95063,Bezons,36434,402,14,85.500,14.427,14.148,0.821,2.536,3
95241,Fontenay-en-Parisis,2219,396,20,117.500,14.359,14.157,0.845,2.992,26
95018,Argenteuil,106130,400,16,87.000,14.519,14.172,0.825,2.574,2
75113,Paris 13e Arrondissement,181271,403,13,68.000,15.781,14.184,0.901,2.111,0
92063,Rueil-Malmaison,82874,402,14,86.000,14.093,14.189,0.791,2.493,1
92078,Villeneuve-la-Garenne,26021,403,13,74.000,15.414,14.203,0.867,2.472,0
93033,Gournay-sur-Marne,7320,402,14,97.000,14.575,14.213,0.784,2.715,4
95288,Groslay,8453,400,16,89.000,14.654,14.227,0.839,2.374,6
93062,Le Raincy,14735,401,15,86.000,14.475,14.235,0.779,2.780,1
78620,Toussus-le-Noble,1172,396,20,112.000,14.187,14.242,0.913,2.682,7
75111,Paris 11e Arrondissement,138170,404,12,67.000,16.233,14.262,0.871,1.978,0
91027,Athis-Mons,36613,399,17,95.000,14.279,14.266,0.842,2.896,6
92040,Issy-les-Moulineaux,67669,402,14,74.000,15.447,14.317,0.887,2.168,0
93027,La Courneuve,47167,404,12,73.500,16.037,14.362,0.858,2.478,0
78124,Carrières-sur-Seine,14791,402,14,88.000,14.265,14.366,0.781,2.322,10
78350,Louveciennes,7990,400,16,98.000,14.240,14.373,0.832,2.675,6
78117,Buc,5816,400,16,104.500,14.431,14.398,0.888,2.572,6
94017,Champigny-sur-Marne,78072,401,15,87.000,14.193,14.403,0.757,2.709,1
75106,Paris 6e Arrondissement,40389,404,12,64.000,16.665,14.407,0.903,1.911,0
94071,Sucy-en-Brie,27764,401,15,96.000,14.037,14.409,0.727,2.720,7
94078,Villeneuve-Saint-Georges,36221,399,17,90.000,14.045,14.424,0.827,2.765,2
93074,Vaujours,8007,401,15,100.000,15.106,14.440,0.736,2.796,5
95277,Gonesse,27707,400,16,93.000,14.743,14.451,0.827,2.642,3
95678,Villiers-Adam,858,396,20,119.000,14.523,14.454,0.891,2.810,18
95428,Montmorency,21763,400,16,89.000,14.669,14.484,0.812,2.367,4
92050,Nanterre,97783,402,14,80.000,14.730,14.489,0.810,2.416,2
75112,Paris 12e Arrondissement,138024,404,12,67.000,16.236,14.515,0.871,2.080,0
78356,Magny-les-Hameaux,9386,396,20,119.000,14.510,14.523,0.891,2.633,9
95197,Deuil-la-Barre,23099,401,15,83.000,15.003,14.524,0.846,2.272,3
95555,Saint-Gratien,21336,399,17,86.000,15.039,14.536,0.835,2.483,4
78158,Le Chesnay-Rocquencourt,30689,400,16,93.000,14.521,14.545,0.866,2.592,1
95424,Montigny-lès-Cormeilles,22457,399,17,103.000,14.582,14.562,0.794,2.767,6
91661,Villebon-sur-Yvette,10291,399,17,101.000,15.204,14.572,0.851,2.522,11
94060,La Queue-en-Brie,12241,401,15,102.000,13.990,14.575,0.694,2.693,7
95680,Villiers-le-Bel,30053,400,16,94.000,15.099,14.594,0.820,2.524,11
91665,La Ville-du-Bois,8161,399,17,110.000,15.021,14.618,0.893,2.822,5
92014,Bourg-la-Reine,21019,402,14,75.000,15.548,14.623,0.832,2.163,1
75108,Paris 8e Arrondissement,35317,404,12,66.000,16.411,14.624,0.884,1.987,0
95268,Garges-lès-Gonesse,41791,402,14,83.000,15.579,14.637,0.847,2.462,3
94042,Joinville-le-Pont,20525,402,14,77.000,14.956,14.661,0.781,2.572,0
95257,La Frette-sur-Seine,4570,399,17,101.000,14.677,14.663,0.756,2.643,11
77217,Grisy-Suisnes,2948,374,42,138.000,13.905,14.682,0.741,3.031,4
94075,Villecresnes,11647,400,16,104.000,14.303,14.687,0.790,2.811,3
91377,Massy,51729,400,16,86.500,15.203,14.694,0.903,2.538,1
78126,La Celle-Saint-Cloud,20460,400,16,93.000,14.727,14.724,0.805,2.574,3
94080,Vincennes,48193,403,13,69.000,16.228,14.730,0.826,2.200,1
91538,Saint-Aubin,661,399,17,109.000,14.739,14.732,0.885,2.703,8
78418,Montesson,14549,400,16,92.000,14.375,14.736,0.778,2.397,6
91093,Boullay-les-Troux,624,385,31,137.000,14.539,14.740,0.767,2.660,8
78143,Châteaufort,1564,394,22,114.000,14.680,14.754,0.922,2.693,6
93066,Saint-Denis,149077,403,13,75.000,15.994,14.755,0.868,2.287,0
75110,Paris 10e Arrondissement,83873,404,12,63.000,16.892,14.775,0.894,1.848,0
91560,Saint-Jean-de-Beauregard,471,397,19,118.000,14.960,14.795,0.868,2.847,9
95612,Le Thillay,4560,400,16,97.000,15.107,14.803,0.828,2.729,6
75109,Paris 9e Arrondissement,57271,404,12,64.000,16.580,14.803,0.885,1.831,0
78043,Bailly,3731,400,16,103.000,14.832,14.818,0.887,2.597,3
95427,Montmagny,15105,402,14,82.000,15.414,14.843,0.859,2.347,1
95176,Cormeilles-en-Parisis,27292,399,17,97.000,14.818,14.845,0.772,2.642,8
95205,Écouen,7202,400,16,97.000,15.079,14.888,0.809,2.465,16
94054,Orly,24658,400,16,83.000,15.267,14.893,0.810,2.711,3
95585,Sarcelles,59173,400,16,89.000,15.368,14.898,0.842,2.431,5
94002,Alfortville,45531,402,14,71.000,16.408,14.898,0.785,2.236,0
91044,Ballainvilliers,4904,399,17,102.000,15.414,14.918,0.883,2.842,2
91136,Champlan,2615,400,16,91.000,15.559,14.930,0.911,2.687,1
78196,Davron,295,384,32,137.000,14.353,14.974,0.808,2.978,4
92076,Vaucresson,8432,400,16,87.000,15.236,15.005,0.792,2.459,2
75116,Paris 16e Arrondissement,159386,404,12,68.500,16.567,15.008,0.888,2.058,0
77196,Fresnes-sur-Marne,948,390,26,138.000,15.239,15.030,0.778,3.101,11
95598,Soisy-sous-Montmorency,18008,401,15,87.000,15.098,15.044,0.792,2.436,7
95539,Saint-Brice-sous-Forêt,15063,400,16,88.500,15.507,15.071,0.835,2.397,3
94068,Saint-Maur-des-Fossés,76572,401,15,80.000,14.664,15.075,0.754,2.466,0
93007,Le Blanc-Mesnil,62376,401,15,80.000,15.636,15.075,0.777,2.552,5
93055,Pantin,61929,404,12,66.000,16.667,15.079,0.858,2.139,0
95203,Eaubonne,26211,399,17,90.000,15.146,15.081,0.797,2.399,8
92002,Antony,64263,402,14,80.000,15.610,15.091,0.846,2.343,2
91191,Crosne,9610,401,15,93.000,14.558,15.103,0.781,2.485,6
91666,Villejust,2558,399,17,103.000,15.541,15.123,0.881,2.633,9
95491,Le Plessis-Bouchard,8518,399,17,97.000,15.363,15.139,0.790,2.547,8
95582,Sannois,26924,400,16,85.000,15.490,15.142,0.839,2.453,1
94004,Boissy-Saint-Léger,17325,401,15,96.000,14.523,15.165,0.720,2.699,5
78343,Les Loges-en-Josas,1645,400,16,98.000,15.400,15.181,0.913,2.486,2
92062,Puteaux,44002,402,14,71.000,15.967,15.182,0.859,2.198,0
78007,Aigremont,1075,398,18,121.000,14.808,15.189,0.761,2.848,11
95055,Bellefontaine,474,391,25,130.000,15.056,15.208,0.767,2.741,13
78322,Jouy-en-Josas,7981,400,16,91.000,15.565,15.217,0.931,2.443,1
95252,Franconville,37754,399,17,92.000,15.572,15.217,0.819,2.607,4
93013,Le Bourget,15925,403,13,74.000,16.313,15.220,0.833,2.559,0
78297,Guyancourt,29778,398,18,112.000,14.821,15.227,0.896,2.767,3
95091,Bouffémont,6593,400,16,105.000,15.024,15.232,0.770,2.410,21
93064,Rosny-sous-Bois,47180,402,14,77.000,15.913,15.260,0.770,2.507,1
94056,Périgny,2724,400,16,111.500,14.691,15.266,0.756,2.525,3
78372,Marly-le-Roi,16756,400,16,98.500,14.974,15.274,0.797,2.558,5
77005,Annet-sur-Marne,3408,396,20,130.000,15.422,15.276,0.791,3.069,10
93039,L'Île-Saint-Denis,8696,404,12,70.000,16.588,15.277,0.868,2.281,0
78688,Voisins-le-Bretonneux,10624,397,19,116.000,14.959,15.337,0.909,2.737,1
78455,Noisy-le-Roi,7713,400,16,104.000,15.180,15.373,0.895,2.489,4
93070,Saint-Ouen-sur-Seine,53615,404,12,67.000,16.598,15.384,0.877,2.138,0
94022,Choisy-le-Roi,45946,402,14,76.000,15.466,15.394,0.828,2.725,0
93051,Noisy-le-Grand,72978,401,15,88.000,15.477,15.396,0.750,2.584,7
94047,Mandres-les-Roses,4922,400,16,107.000,14.822,15.401,0.768,2.541,4
78396,Le Mesnil-le-Roi,6332,400,16,96.000,15.119,15.411,0.759,2.266,7
77114,Chevry-Cossigny,4075,397,19,121.000,14.762,15.447,0.793,2.907,6
95527,Roissy-en-France,2674,400,16,101.000,15.840,15.459,0.826,2.904,2
92073,Suresnes,48956,402,14,71.000,16.221,15.492,0.858,2.226,0
92064,Saint-Cloud,29855,402,14,73.000,16.315,15.496,0.864,2.255,1
78367,Mareil-Marly,4141,400,16,99.000,15.152,15.513,0.853,2.345,3
95682,Villiers-le-Sec,205,398,18,113.000,15.292,15.513,0.784,2.733,14
92022,Chaville,20594,402,14,80.500,16.030,15.526,0.846,2.138,1
93079,Villetaneuse,12530,402,14,75.000,16.477,15.528,0.853,2.252,1
95028,Attainville,1904,399,17,105.000,15.586,15.535,0.845,2.603,17
95409,Moisselles,1261,400,16,103.000,15.677,15.622,0.807,2.543,19
78224,L'Étang-la-Ville,5157,400,16,99.000,15.247,15.698,0.846,2.263,3
91458,Nozay,4471,399,17,106.000,16.087,15.699,0.895,2.532,5
93071,Sevran,52535,402,14,87.500,16.128,15.701,0.747,2.395,3
91691,Yerres,27906,400,16,93.000,15.215,15.711,0.774,2.421,7
94059,Le Plessis-Trévise,21112,401,15,95.000,15.077,15.718,0.648,2.480,7
78190,Croissy-sur-Seine,11013,402,14,86.000,15.394,15.733,0.752,2.299,0
93050,Neuilly-sur-Marne,39800,402,14,81.000,16.021,15.742,0.769,2.461,1
91363,Marcoussis,8618,397,19,113.000,16.196,15.757,0.892,2.565,8
91600,Soisy-sur-Seine,7418,399,17,112.000,15.394,15.759,0.793,2.664,7
77062,Carnetin,461,400,16,123.000,15.702,15.776,0.715,2.795,15
78152,Chavenay,1723,393,23,121.000,15.243,15.791,0.855,2.753,6
77514,Villeparisis,26946,401,15,103.000,16.226,15.879,0.704,2.674,5
93078,Villepinte,41470,400,16,93.000,15.853,15.913,0.719,2.500,5
95019,Arnouville,15023,401,15,85.000,16.440,15.954,0.772,2.309,5
94001,Ablon-sur-Seine,5988,401,15,83.000,15.634,15.967,0.794,2.497,1
95574,Saint-Prix,7612,400,16,92.000,15.680,15.988,0.741,2.263,12
91425,Montlhéry,9772,398,18,111.000,16.420,15.993,0.860,2.807,2
95154,Chennevières-lès-Louvres,282,398,18,115.500,15.873,16.001,0.768,2.972,4
94046,Maisons-Alfort,56799,403,13,69.000,16.912,16.025,0.764,2.261,0
91692,Les Ulis,25886,398,18,106.500,16.158,16.039,0.878,2.589,6
78133,Chambourcy,5847,399,17,109.000,15.444,16.041,0.786,2.665,6
77053,Brie-Comte-Robert,19003,399,17,115.000,15.291,16.044,0.798,2.851,2
95199,Domont,16065,400,16,94.000,16.043,16.063,0.800,2.258,10
78686,Viroflay,17237,400,16,82.000,15.998,16.084,0.898,2.192,1
77083,Champs-sur-Marne,27451,402,14,95.000,16.062,16.086,0.730,2.642,10
95042,Baillet-en-France,2021,399,17,107.000,15.941,16.089,0.806,2.505,17
78481,Le Pecq,16059,400,16,93.000,15.361,16.091,0.763,2.450,1
91411,Les Molières,1975,396,20,125.000,16.120,16.097,0.810,2.523,6
78571,Saint-Nom-la-Bretèche,4965,399,17,110.000,15.324,16.099,0.813,2.643,4
91275,Gometz-le-Châtel,2630,401,15,112.000,16.323,16.099,0.817,2.509,10
95212,Épiais-lès-Louvres,156,399,17,112.000,16.302,16.137,0.738,2.991,4
93073,Tremblay-en-France,38348,401,15,96.000,16.418,16.155,0.663,2.494,4
91617,Tigery,4333,399,17,114.000,15.646,16.199,0.836,2.761,2
77282,Mauregard,341,398,18,115.500,16.170,16.202,0.732,2.922,4
91339,Linas,7987,398,18,112.000,16.620,16.264,0.863,2.751,0
91631,Varennes-Jarcy,2465,399,17,111.000,15.765,16.272,0.748,2.381,5
95039,Auvers-sur-Oise,6863,397,19,118.000,15.915,16.323,0.861,2.583,4
95219,Ermont,29489,399,17,86.000,16.280,16.327,0.767,2.326,5
78146,Chatou,30598,402,14,82.000,15.760,16.327,0.758,2.435,0
78242,Fontenay-le-Fleury,13680,399,17,106.000,15.858,16.331,0.887,2.587,3
77209,Gouvernes,1177,400,16,114.500,16.025,16.349,0.703,2.877,8
95056,Belloy-en-France,2250,397,19,114.000,16.331,16.366,0.773,2.539,14
91225,Étiolles,3105,399,17,113.000,15.843,16.388,0.801,2.588,3
91215,Épinay-sous-Sénart,11611,399,17,99.000,15.971,16.390,0.759,2.374,9
95210,Enghien-les-Bains,11432,403,13,75.000,16.722,16.412,0.818,2.138,1
95256,Frépillon,3317,399,17,107.000,16.194,16.437,0.840,2.557,11
77118,Claye-Souilly,13353,400,16,117.500,16.420,16.438,0.813,2.831,4
95060,Bessancourt,8869,399,17,104.000,16.117,16.511,0.715,2.480,13
91235,Fleury-Mérogis,13721,399,17,108.000,16.361,16.517,0.853,2.574,3
95566,Saint-Martin-du-Tertre,2689,397,19,119.000,16.284,16.533,0.775,2.506,12
77059,Bussy-Saint-Martin,738,401,15,113.000,16.060,16.543,0.693,2.865,6
78650,Le Vésinet,15554,402,14,86.000,15.916,16.561,0.736,2.421,3
77322,Moussy-le-Neuf,3253,394,22,125.000,16.520,16.588,0.761,2.825,1
91477,Palaiseau,37471,400,16,85.000,17.123,16.603,0.851,2.370,1
91272,Gif-sur-Yvette,22544,400,16,104.000,16.661,16.611,0.833,2.313,5
77055,Brou-sur-Chantereine,5196,402,14,98.000,16.573,16.611,0.725,2.507,7
93005,Aulnay-sous-Bois,87599,402,14,78.000,17.298,16.633,0.756,2.331,3
91274,Gometz-la-Ville,1536,401,15,113.000,16.820,16.705,0.812,2.548,5
78674,Villepreux,11931,398,18,112.000,16.226,16.719,0.873,2.560,2
78646,Versailles,84095,400,16,88.000,16.247,16.738,0.900,2.439,1
91549,Sainte-Geneviève-des-Bois,35438,399,17,104.000,16.858,16.745,0.822,2.599,3
95229,Ézanville,9858,400,16,92.000,16.907,16.793,0.772,2.221,11
91657,Vigneux-sur-Seine,31466,400,16,86.000,16.312,16.800,0.787,2.301,2
91434,Morsang-sur-Orge,21667,400,16,95.500,16.791,16.819,0.842,2.635,1
95607,Taverny,27593,399,17,98.000,16.360,16.822,0.721,2.417,10
91086,Bondoufle,10767,398,18,113.000,16.498,16.835,0.827,2.642,4
77291,Le Mesnil-Amelot,992,399,17,109.000,16.959,16.957,0.753,2.615,3
91421,Montgeron,24022,401,15,88.000,16.315,16.983,0.754,2.191,9
91685,Villiers-sur-Orge,4545,399,17,98.000,17.394,17.027,0.797,2.466,6
94079,Villiers-sur-Marne,33162,401,15,81.000,16.288,17.047,0.705,2.471,0
77108,Chelles,54620,402,14,88.000,16.680,17.071,0.721,2.380,7
78160,Chevreuse,5502,401,15,113.000,16.625,17.082,0.866,2.245,5
78233,Feucherolles,3043,398,18,116.000,16.247,17.088,0.840,2.711,4
78423,Montigny-le-Bretonneux,32465,399,17,108.000,16.546,17.101,0.875,2.619,6
91471,Orsay,16498,400,16,93.000,17.262,17.160,0.854,2.433,2
77438,Saint-Thibault-des-Vignes,6831,402,14,109.000,16.816,17.174,0.706,2.787,5
78073,Bois-d'Arcy,16586,399,17,106.000,16.563,17.176,0.880,2.688,4
77214,Gressy,807,401,15,112.000,17.244,17.195,0.696,2.623,8
91097,Boussy-Saint-Antoine,8097,399,17,98.000,16.603,17.218,0.760,2.269,6
77350,Ozoir-la-Ferrière,21238,401,15,112.000,15.854,17.243,0.659,2.619,5
77462,Thieux,778,398,18,121.000,17.063,17.249,0.626,2.735,6
95394,Méry-sur-Oise,9983,399,17,110.000,16.722,17.267,0.760,2.560,6
95353,Maffliers,1856,401,15,104.000,16.847,17.309,0.802,2.392,13
78466,Orgeval,7252,399,17,118.000,16.519,17.335,0.776,2.782,7
95628,Valmondois,1208,397,19,119.000,16.637,17.351,0.773,2.370,5
91201,Draveil,30098,399,17,89.000,16.647,17.367,0.765,2.312,4
95652,Viarmes,5558,396,20,119.000,16.932,17.388,0.833,2.409,10
77181,Ferrières-en-Brie,3932,401,15,113.000,16.718,17.412,0.624,2.790,12
95352,Luzarches,5008,396,20,114.500,16.876,17.421,0.841,2.551,12
91667,Villemoisson-sur-Orge,7332,400,16,92.000,17.489,17.434,0.841,2.496,2
95120,Butry-sur-Oise,2252,397,19,114.000,16.661,17.455,0.788,2.442,7
91333,Leuville-sur-Orge,4271,399,17,110.000,17.971,17.515,0.826,2.625,1
77373,Pontault-Combault,39096,401,15,93.000,16.218,17.516,0.681,2.369,5
77294,Mitry-Mory,20456,401,15,104.000,17.261,17.533,0.687,2.552,8
91687,Viry-Châtillon,30838,399,17,89.000,17.186,17.551,0.820,2.572,4
77124,Conches-sur-Gondoire,1761,401,15,114.000,17.125,17.553,0.668,2.688,5
77292,Messy,1219,400,16,115.000,17.599,17.567,0.676,2.559,6
91573,Saint-Pierre-du-Perray,11993,399,17,116.000,16.937,17.571,0.810,2.566,0
95351,Louvres,12560,400,16,101.000,17.524,17.614,0.747,2.647,9
95509,Puiseux-en-France,3765,400,16,105.000,17.269,17.614,0.733,2.546,11
77427,Saint-Mesmes,579,400,16,117.000,17.418,17.620,0.689,2.518,4
78138,Chanteloup-les-Vignes,10861,399,17,111.000,16.933,17.620,0.771,2.414,3
77337,Noisiel,16053,402,14,94.000,17.318,17.627,0.690,2.491,9
91514,Quincy-sous-Sénart,9477,399,17,103.000,17.036,17.630,0.755,2.361,4
95594,Seugy,1044,396,20,115.000,16.942,17.642,0.844,2.393,9
78575,Saint-Rémy-lès-Chevreuse,7747,401,15,107.000,17.353,17.648,0.834,2.225,2
91216,Épinay-sur-Orge,10722,400,16,89.000,17.690,17.651,0.859,2.439,2
95306,Herblay-sur-Seine,31779,399,17,93.000,17.092,17.657,0.725,2.389,5
77155,Dampmart,3677,400,16,120.000,17.172,17.665,0.627,2.517,11
95675,Villeron,1766,400,16,108.000,17.521,17.694,0.739,2.639,6
91589,Savigny-sur-Orge,37601,400,16,86.000,17.492,17.700,0.828,2.555,4
95371,Marly-la-Ville,6022,399,17,111.000,17.199,17.735,0.733,2.515,10
77323,Moussy-le-Vieux,1469,398,18,117.000,17.657,17.741,0.715,2.521,2
77146,Croissy-Beaubourg,2018,402,14,100.000,17.105,17.750,0.675,2.711,6
95660,Villaines-sous-Bois,778,401,15,102.000,17.464,17.768,0.785,2.414,13
91521,Ris-Orangis,31189,399,17,97.000,17.057,17.776,0.772,2.450,2
95051,Beauchamp,9849,399,17,91.000,17.713,17.795,0.770,2.270,3
95563,Saint-Leu-la-Forêt,16138,399,17,90.000,17.268,17.799,0.725,2.143,10
77390,Roissy-en-Brie,23229,401,15,103.000,16.644,17.835,0.611,2.504,9
91340,Lisses,7373,399,17,115.000,17.069,17.838,0.799,2.619,0
78311,Houilles,33983,402,14,75.000,17.422,17.843,0.775,2.015,1
77372,Pomponne,4215,401,15,107.000,17.413,17.847,0.685,2.690,6
91347,Longpont-sur-Orge,6482,399,17,99.000,18.181,17.857,0.794,2.338,3
78165,Les Clayes-sous-Bois,16804,397,19,111.000,17.184,17.892,0.864,2.482,1
91122,Bures-sur-Yvette,9548,402,14,94.000,17.841,17.943,0.837,2.284,2
95641,Vémars,3124,399,17,113.000,17.719,17.945,0.727,2.662,1
91326,Juvisy-sur-Orge,19292,401,15,82.000,17.288,18.030,0.782,2.535,1
77468,Torcy,22810,402,14,97.000,17.480,18.059,0.700,2.610,5
77511,Villeneuve-sous-Dammartin,595,399,17,115.000,18.142,18.096,0.701,2.598,2
77169,Émerainville,7690,401,15,93.000,16.997,18.105,0.677,2.491,10
91286,Grigny,26842,399,17,91.000,17.590,18.118,0.831,2.474,1
77058,Bussy-Saint-Georges,27498,401,15,107.000,17.527,18.157,0.641,2.596,5
95430,Montsoult,4023,401,15,98.000,17.695,18.239,0.801,2.285,14
77122,Combs-la-Ville,23350,400,16,104.000,17.314,18.271,0.740,2.379,5
95280,Goussainville,31301,400,16,91.000,18.140,18.376,0.711,2.236,13
95488,Pierrelaye,10130,399,17,97.000,18.434,18.380,0.754,2.306,6
77374,Pontcarré,2136,401,15,108.000,17.499,18.382,0.692,2.688,3
77221,Guermantes,1153,401,15,108.000,17.792,18.417,0.649,2.596,5
77123,Compans,754,400,16,110.000,18.008,18.439,0.633,2.623,4
91114,Brunoy,25643,401,15,87.000,17.600,18.475,0.748,2.160,4
95504,Presles,4017,399,17,112.000,17.788,18.521,0.773,2.460,8
77251,Lieusaint,14017,399,17,110.000,17.955,18.552,0.768,2.414,1
78545,Saint-Cyr-l'École,21268,400,16,92.000,17.585,18.558,0.888,2.367,0
78382,Maurecourt,4454,400,16,103.500,17.818,18.563,0.752,2.213,3
95323,Jouy-le-Moutier,17854,398,18,110.000,18.031,18.645,0.765,2.243,3
77479,Vaires-sur-Marne,13931,402,14,91.000,18.176,18.668,0.694,2.368,1
91570,Saint-Michel-sur-Orge,21776,399,17,99.000,18.713,18.676,0.789,2.324,2
78015,Andrésy,13834,400,16,100.500,17.914,18.735,0.773,2.130,1
78586,Sartrouville,52763,402,14,79.000,18.046,18.805,0.754,2.049,0
78621,Trappes,34689,399,17,106.000,17.986,18.847,0.863,2.561,4
78384,Médan,1289,400,16,110.500,17.780,18.866,0.696,2.445,5
77307,Montévrain,15687,401,15,113.000,18.187,18.886,0.673,2.631,6
77121,Collégien,3354,402,14,98.000,18.010,18.929,0.670,2.571,2
78123,Carrières-sous-Poissy,20825,400,16,100.000,17.832,18.983,0.737,2.216,1
91553,Saint-Germain-lès-Corbeil,7469,399,17,105.000,17.869,19.048,0.784,2.412,2
78005,Achères,22241,400,16,94.500,18.092,19.182,0.751,2.058,3
95392,Mériel,5347,399,17,103.000,18.208,19.191,0.746,2.294,7
91494,Le Plessis-Pâté,4154,399,17,101.000,19.106,19.407,0.767,2.168,4
77243,Lagny-sur-Marne,21461,402,14,101.000,18.757,19.688,0.669,2.437,4
91552,Saint-Germain-lès-Arpajon,11623,399,17,107.000,19.723,19.697,0.772,2.351,1
78551,Saint-Germain-en-Laye,45931,402,14,82.000,18.288,19.783,0.744,2.018,0
78498,Poissy,40983,400,16,94.000,18.359,19.812,0.758,2.231,2
78172,Conflans-Sainte-Honorine,36958,400,16,93.000,18.748,19.919,0.766,2.210,0
77237,Jossigny,650,402,14,110.000,18.943,19.967,0.597,2.570,6
77085,Chanteloup-en-Brie,4130,402,14,107.000,19.172,20.076,0.634,2.437,3
95500,Pontoise,31970,399,17,102.000,19.584,20.146,0.812,2.266,0
91174,Corbeil-Essonnes,54471,399,17,102.000,18.997,20.255,0.756,2.383,0
95218,Éragny-sur-Oise,18436,399,17,96.000,19.059,20.297,0.765,2.309,0
95250,Fosses,10570,399,17,106.000,19.438,20.421,0.683,2.333,9
95450,Neuville-sur-Oise,2058,399,17,98.000,19.654,20.422,0.753,2.136,1
78624,Triel-sur-Seine,12206,400,16,103.000,19.116,20.462,0.761,2.154,2
77464,Thorigny-sur-Marne,10440,402,14,99.000,19.587,20.646,0.647,2.354,3
95572,Saint-Ouen-l'Aumône,25578,399,17,97.000,20.489,21.038,0.779,2.201,0
77258,Lognes,15074,402,14,83.000,19.630,21.117,0.665,2.314,0
78358,Maisons-Laffitte,23093,402,14,75.000,19.779,21.136,0.738,1.810,0
78643,Vernouillet,9699,400,16,104.000,19.541,21.212,0.685,2.218,4
91228,Évry-Courcouronnes,66919,399,17,89.000,19.980,21.721,0.778,2.191,0
91103,Brétigny-sur-Orge,26658,399,17,90.000,21.318,22.215,0.755,1.886,1
78672,Villennes-sur-Seine,5952,400,16,96.000,20.514,22.254,0.667,2.199,1
